{"_step":0,"f1_score":0.9891225525743292,"experiment_completed":true,"accuracy":0.985,"test_loss":0.057759095519829856,"auc":0.9965278924401462,"_runtime":129.298988725,"_wandb":{"runtime":129},"_timestamp":1.7484499919973264e+09}