{"train_loss":0.06877877400983098,"confusion_matrix_table":{"path":"media/table/confusion_matrix_table_15_8fae75687eb0f039963f.table.json","ncols":3,"nrows":4,"_type":"table-file","sha256":"8fae75687eb0f039963f2e31830538157835762c852fb09d10972061673093d6","size":193,"artifact_path":"wandb-client-artifact://8j0beorft6pih718cruxcw4byyyvsg5kt0i8vx2522ltky3usfnru31cj88nifl4nel9p9v58pd9qj7br5tyo6wst4aexq18pk07bi5wb8ruan3rel9l4opwc7a5n4rk/confusion_matrix_table.table.json","_latest_artifact_path":"wandb-client-artifact://qkdgb3li0gmb24l1r6q7601mz35jixu92e8yrxaf686rv1xa28yz13r7wqphkt8y3jtsiwo3sge1e0yhnigzgdfuth5f4jp34pnae6vwpmvaihz9shpg6a8dpw4glskt:latest/confusion_matrix_table.table.json"},"train_auc":0.9959576236223376,"_runtime":1500.887989876,"test_precision":0.9847512038523274,"val_loss":0.15883778984809457,"test_recall":0.9460292983808789,"epoch":15,"val_accuracy":0.9569160997732427,"test_auc":0.9874823342522366,"val_auc":0.9865283543049316,"train_accuracy":0.9737700269388913,"pooling_type":"attention","test_f1":0.9650019661816752,"train_f1":0.9819106287278772,"val_f1":0.9704968944099379,"_timestamp":1.7453463598050075e+09,"_step":15,"test_accuracy":0.9503901895206243,"_wandb":{"runtime":1502},"val_confusion_matrix_table":{"nrows":4,"_type":"table-file","sha256":"b1bc4eab84279cdb30e4aa112fbc9898933c1fe3a9579a7fa489b82ffc68d695","size":193,"artifact_path":"wandb-client-artifact://w3kttrjawd0o1pdmxdp2wj1y8lw92l3yjrcz64wy8erz0w87ndhhrnheeyvvicftw7ctmjhl3p58ljdi37dk93k5ygc0ouho0oiqduxqp5v4ulycyqiisqzy4kv4hmwv/val_confusion_matrix_table.table.json","_latest_artifact_path":"wandb-client-artifact://fryxtpi78svynhdtn82u3wh34jssuqy3t0qind6pkpit9vudfbo1fht5uy4pxe97venm3vk3krjcj23w1mjz5mxeiy6wzaptpvj5k6ra65ju64c26qg8usouotcz56jv:latest/val_confusion_matrix_table.table.json","path":"media/table/val_confusion_matrix_table_14_b1bc4eab84279cdb30e4.table.json","ncols":3}}