{"val_auc":0.9853602268019463,"_step":15,"test_precision":0.9820700896495518,"val_loss":0.3441883844465573,"train_accuracy":0.9360555791861619,"_runtime":1481.218559281,"train_f1":0.9561155979371412,"test_f1":0.9548335974643423,"confusion_matrix_table":{"_latest_artifact_path":"wandb-client-artifact://e2p79uvg9i6ete1kmgcgt1ukgigpksusej4xfqyqu73h4bfzb2ljjt07o8z500t8nxao89im7kca2d302fng6ienbqzn70hsqo4dc9h6q4nwkv608rilkdf75xe7458q:latest/confusion_matrix_table.table.json","path":"media/table/confusion_matrix_table_15_ece4d34f4bfe63ff81de.table.json","ncols":3,"nrows":4,"_type":"table-file","sha256":"ece4d34f4bfe63ff81ded4d7fb1f5382d865c74fa87170c1b2a6cfa2208699e1","size":193,"artifact_path":"wandb-client-artifact://73u6ldmp6u5am8bew7gagi75co0p3yjh9hva79oefaqr1m93h2kojaeqhezosmej1ztcoxfql5jqlqsizfgdxidekx20q4x1icr31rcnl3z3hy0whvl34d44x9fagkcn/confusion_matrix_table.table.json"},"train_loss":0.34197537835350506,"train_auc":0.9750762145683336,"_wandb":{"runtime":1482},"val_confusion_matrix_table":{"path":"media/table/val_confusion_matrix_table_14_3bd39eeebb86c2175783.table.json","ncols":3,"nrows":4,"_type":"table-file","sha256":"3bd39eeebb86c2175783ccd72ed192effb8c6c10f29ea4c66ac2071df0829222","size":193,"artifact_path":"wandb-client-artifact://qys9bhlkt5uyvteo65xm8s4g8356l9w8lohhoptvf9ifmdnqd1fcxs7w9il0jat896q4ql2avtd7asba0a3bkmw325lxjicryprlhkysoeg72fbg96926m98ig92q3ye/val_confusion_matrix_table.table.json","_latest_artifact_path":"wandb-client-artifact://ej986bo03ylq5sdug0f79bajy6odhclutr0hr4x6plxss65viuag3ysmawb8tbs6na4eq35p1sz8krp4aeon4pi0cphdplyzxtpy9r5mrbr7p78h6quklfj7lvq1wxtl:latest/val_confusion_matrix_table.table.json"},"val_accuracy":0.9399092970521542,"epoch":15,"pooling_type":"attention","test_auc":0.976077746354767,"val_f1":0.9593246354566385,"test_recall":0.9290670778720124,"test_accuracy":0.9364548494983278,"_timestamp":1.745334952286284e+09}