{"epoch":10,"test_accuracy":0.82,"_step":10,"train_loss":0.48098641894765026,"test_auc":0.8894230769230769,"train_accuracy":0.7625,"confusion_matrix_table":{"size":190,"artifact_path":"wandb-client-artifact://or3j9esk5g3d4dlnw2p9f8l3r6vqfrwzp1b5xsha1bg2t2yvx56he0lh2mzm38t1ur393zbzy6w7pbvdmshsdk17engf4v4z5sw2807cu5zmtu5e7j5ud696ne46ixcp/confusion_matrix_table.table.json","_latest_artifact_path":"wandb-client-artifact://3sw52m2ofeb8qy2xm08n1c77iosqott2s3p55qn5asxzw70jv2h9ncetthndwfagyzi0bisht3i271ngux9b805n866mtultdwd0kk2vbgmrdafydeyljsxrjsl5qa3t:latest/confusion_matrix_table.table.json","path":"media/table/confusion_matrix_table_10_364565d1e7f3ae5d4d98.table.json","ncols":3,"nrows":4,"_type":"table-file","sha256":"364565d1e7f3ae5d4d986e7870735920047bb97cca746a756aa1fd5e8cc5d602"},"_wandb":{"runtime":32},"val_loss":0.5001658988557756,"_timestamp":1.7410231116823602e+09,"val_accuracy":0.75,"_runtime":32.320435216}