{"train_auc":0.9051394239766647,"_timestamp":1.7452593523973007e+09,"val_confusion_matrix_table":{"path":"media/table/val_confusion_matrix_table_49_ce6c019f974cc150253e.table.json","ncols":3,"nrows":4,"_type":"table-file","sha256":"ce6c019f974cc150253eba65fa67048151f8f1d6be6b7a1f37dc4ff83718204d","size":191,"artifact_path":"wandb-client-artifact://iiksq112c0z5xq4m7qnrf9tk9h6h2toino6gnomyojaa7lzc74t4xj829kjhtz4nzgbxlbqjbllgn22nb25qe1629wjtjexqlrc3d5t40rm419rxy8nkwrrda2c1e6c4/val_confusion_matrix_table.table.json","_latest_artifact_path":"wandb-client-artifact://ugjz44xeq1ojjm8nsa1ds77lpoz89j75domvanm5cyleqz33i2qcoyoo904dg1lq44469nzlhyjgveg3lenlsq9jl9nkamaqzixrt54ijmc9y1te4cp2eu8hmor3v3gf:latest/val_confusion_matrix_table.table.json"},"_wandb":{"runtime":317},"val_f1":0.8095238095238095,"confusion_matrix_table":{"path":"media/table/confusion_matrix_table_50_8d8ad14405cf2ece3b94.table.json","ncols":3,"nrows":4,"_type":"table-file","sha256":"8d8ad14405cf2ece3b94411c5f5187606a59955c9c8803881ebff947fb50d527","size":190,"artifact_path":"wandb-client-artifact://fazlgj080e1bzoorsb3dqw0e05gssnzculawj1k6ra3dgddvqvabmsivsj60sbmasn02h9dwkdwykii4mo6nw1q30qpl7dagfqmwcj8hchutqofxorsjsfq0yz9olbs5/confusion_matrix_table.table.json","_latest_artifact_path":"wandb-client-artifact://ipzliebino1qp6kmbzlx8yca0q9uvsi7n8o20jkzqga34o3lwaq1fpggrvvay4r40bpe53fke61bo2yjwva0ntbhdzw8hjmbemzk0q8vw3x7kj2gh6k7rdtyxjewibr2:latest/confusion_matrix_table.table.json"},"train_loss":0.38208169210123744,"test_precision":0.8285714285714286,"train_accuracy":0.84,"epoch":50,"val_loss":0.39747696640202773,"pooling_type":"mean","val_accuracy":0.84,"test_f1":0.8169014084507042,"test_recall":0.8055555555555556,"val_auc":0.9041959487391484,"_step":50,"_runtime":317.681508496,"test_auc":0.9102564102564104,"test_accuracy":0.8266666666666667,"train_f1":0.7948717948717948}