{"_runtime":23.568774068,"_step":0,"val_precision":0.5036496350364964,"_wandb":{"runtime":24},"epoch":1,"_timestamp":1.7410838002378805e+09,"val_recall":0.8414634146341463,"train_loss":0.651391537617892,"val_f1":0.6301369863013698,"train_accuracy":0.6325,"val_confusion_matrix_table":{"_type":"table-file","sha256":"eb495f82760e58f0cbe1102c9f3335b45cb0208ea9ff10f7e9537a6d7ecc09c2","size":190,"artifact_path":"wandb-client-artifact://ri1sswxlkdkyloqndj0le1wv635nwyryejszah16vbk6p391p0f3nfl3mjnljo3iwiue5ngz285ohy58sh2gsuy6sph32ef2k0hjsji4do7dt9d3yxldysi6arl7xpo5/val_confusion_matrix_table.table.json","_latest_artifact_path":"wandb-client-artifact://zedwkxszsr8hw9ag3h765onuztee0jepdis4abdetoedo3ztsai64h8br7to1ig2j7jfalv5ner4tafuqwb3bf67chuxnd79ghqkrq1x6owt0zz1lcgxwsnwe8h7nkrs:latest/val_confusion_matrix_table.table.json","path":"media/table/val_confusion_matrix_table_0_eb495f82760e58f0cbe1.table.json","ncols":3,"nrows":4},"val_accuracy":0.595,"val_loss":0.6554966530948877,"val_auc":0.7668458040512609}