{"val_precision":1,"epoch":1,"_step":0,"train_accuracy":0.6175,"val_confusion_matrix_table":{"size":189,"artifact_path":"wandb-client-artifact://2lmx0jq1khbhzw8hn76tx2bd4gbjsh8smm6zgptbinvvuvl34tljk3jd9e4ors81e3es6wllhm6j5zzoehuxqesdaayxu7ad3hvkvy5njhbwvawaz53dktwhn5ec10nf/val_confusion_matrix_table.table.json","_latest_artifact_path":"wandb-client-artifact://7fta3y0q2hka9nftnjxkyi39lnn5cpbq4nanxnr76up18rcegl28o6t6jtgbmrhxif23ui5s0xrcvdw3xh3angpu6vlr4xrlkkmrv8254kuyhmv3a3y4fkzra5ioiktq:latest/val_confusion_matrix_table.table.json","path":"media/table/val_confusion_matrix_table_0_481e9754aa7fd79411ce.table.json","ncols":3,"nrows":4,"_type":"table-file","sha256":"481e9754aa7fd79411ce004af0a6ee9b0dbfc8792164a89a44deed6e2e5bf2f6"},"val_loss":0.6404236808419228,"_timestamp":1.741084639620967e+09,"val_recall":0.04878048780487805,"val_accuracy":0.61,"_runtime":23.408887082,"val_f1":0.09302325581395349,"val_auc":0.7194088466308391,"train_loss":0.6684870400466025,"_wandb":{"runtime":23}}