{"test_f1":0.9673099645529736,"pooling_type":"attention","test_recall":0.9468003084040093,"train_loss":0.1945943968840596,"_timestamp":1.7453319660995398e+09,"_step":15,"train_auc":0.9832206966091863,"_runtime":1484.869521211,"epoch":15,"val_accuracy":0.9512471655328798,"test_accuracy":0.9537346711259754,"_wandb":{"runtime":1486},"val_loss":0.16178704633921168,"test_auc":0.9887745904881875,"val_confusion_matrix_table":{"ncols":3,"nrows":4,"_type":"table-file","sha256":"806fe19ab2cd8367ec362dd38ce16bef14377dbc20cae18f7282e77326c2bff3","size":193,"artifact_path":"wandb-client-artifact://xjak68jdszifiypqv0xcsmydu3fniqce0zibs560go3crz52a4a577o6vaxzq9whuz2dm9z69zza790x82uqblg0dnjpu3lfi3me0lksbiw0polc5iw2kjesdynmc65y/val_confusion_matrix_table.table.json","_latest_artifact_path":"wandb-client-artifact://xhtjqa6sya8jt81sngr0r37kub6mv1bspbaaxtwlpeyjpf4kyd8tghhbxtelv0ptfdwhonlxo99i7dol3qirvvuwu1i9qw1rllrcbrmoiqakue7pl44has9ll6lzj5mu:latest/val_confusion_matrix_table.table.json","path":"media/table/val_confusion_matrix_table_14_806fe19ab2cd8367ec36.table.json"},"train_f1":0.960553228791273,"train_accuracy":0.942577626541897,"val_f1":0.9662745098039216,"test_precision":0.9887278582930756,"confusion_matrix_table":{"nrows":4,"_type":"table-file","sha256":"be90533190f26e4aba741a4923fcdb79b795f91f4d76c2b847d0b89e1856941b","size":193,"artifact_path":"wandb-client-artifact://mggywkgkwvo4u1ggifuqzahdulzc343iirx9ic17hvdphr72hqpop3iaqvypgf3d1nzuxevqzqyy3pha4yws6w23ebymxmq8tpi0kn7ejyv53rupxcpgq2i5ev3rq4v3/confusion_matrix_table.table.json","_latest_artifact_path":"wandb-client-artifact://nkppdeja5dxart4qqk85700wpr5sa1woloe571q7ytyxpxni2jbzl9zk1y4x8u3e7t4umrj4fw79qr22fp6fjf0aeijjwj81rz96wnwjdyg8bhfxo7ptxfuvdavbc0b1:latest/confusion_matrix_table.table.json","path":"media/table/confusion_matrix_table_15_be90533190f26e4aba74.table.json","ncols":3},"val_auc":0.9902285078349026}