{"_runtime":246.451321243,"val_auc":0.8332988838362959,"train_accuracy":0.77,"test_accuracy":0.8333333333333334,"val_confusion_matrix_table":{"_type":"table-file","sha256":"b86883277f08d5437c9c233b8e0c3e208da4834a1feab18245dc288d1ba462dc","size":190,"artifact_path":"wandb-client-artifact://4rrpwrlwc9smp4htpr9xr4sppjtnpkqg5x9v1cdnd4hl4i6v3148fz82hl40vieakyktqxkcs2ikv4xy77j2bwq6djt4lajq97eoxhye36z8l7gbyka5aqwfh1ppxm3b/val_confusion_matrix_table.table.json","_latest_artifact_path":"wandb-client-artifact://5qi701e8hmma2mk66bww76ex88g1ntq4m89u0k54z1i7p0o67lrh18oky8s7y05joqrzdsx8xey63cu61ihrifqtry5you6grmip9aagvfs5hh0dloyrb2k2jlwic8af:latest/val_confusion_matrix_table.table.json","path":"media/table/val_confusion_matrix_table_12_b86883277f08d5437c9c.table.json","ncols":3,"nrows":4},"val_f1":0.7191011235955056,"_step":13,"confusion_matrix_table":{"nrows":4,"_type":"table-file","sha256":"4a884942cc548ea15121a4b54b2bae1c6c01f4a8e5f9b715f0b6df2e82a7025c","size":189,"artifact_path":"wandb-client-artifact://jtgj6ls40m9qhgf6hy5vz51uwrnvpufb3oqv10au81nmkm5ul3mka8hdzl4f252hztlk1d566cu5l5kizpptlsjxr3mu3uceecpdj80wbrdweg915w7r5m42jzwu3qai/confusion_matrix_table.table.json","_latest_artifact_path":"wandb-client-artifact://pv66xjhpjcep6wt84w8n3kj12aduwybsxrusgavrgb3usm78koquf76phcc1nbkgx9g1bed3ed6gpppbo55vo1bmp480gsvgig41nwk6pk19j6mheq787onttlp8sm86:latest/confusion_matrix_table.table.json","path":"media/table/confusion_matrix_table_13_4a884942cc548ea15121.table.json","ncols":3},"test_f1":0.8344370860927153,"_timestamp":1.7452502016167867e+09,"_wandb":{"runtime":248},"train_loss":0.4884081150535303,"test_recall":0.875,"test_auc":0.88497150997151,"pooling_type":"attention","train_f1":0.7133956386292835,"test_precision":0.7974683544303798,"val_accuracy":0.75,"val_loss":0.526492325552972,"train_auc":0.8542969430623585,"epoch":13}