{"test_loss":0.04458865922033732,"_runtime":432.019900936,"accuracy":0.983,"experiment_completed":true,"_step":0,"f1_score":0.9876722262509064,"_timestamp":1.7483772018156412e+09,"_wandb":{"runtime":432},"auc":0.9990895152730276}