{"train_f1":0.9643205303178007,"_runtime":1486.337991045,"pooling_type":"attention","confusion_matrix_table":{"artifact_path":"wandb-client-artifact://qe4pyzlpiehs4bw87iis6gsyomtun86s2yzdofj6b0ami1svnr69akhn146bavkwj3fbhq3bktlnfn0cffair98xvhbq3efldgl1u45kxnrfuetl6ixgg98fejiagcwj/confusion_matrix_table.table.json","_latest_artifact_path":"wandb-client-artifact://a7xeqbbjq5k0r702ue9mde4jewjz3ce4qbxjh63mtecnyihd69semynscolas5gbegsyzmumlnhn0d5xrjdn0efpyu1bujztwocll59hykw0814du62krmw85h7bpoo9:latest/confusion_matrix_table.table.json","path":"media/table/confusion_matrix_table_15_1df7ec9f8ca174ae3196.table.json","ncols":3,"nrows":4,"_type":"table-file","sha256":"1df7ec9f8ca174ae31968f30b5bb9f451a0909bd6246d2b04f5a6cf3d21f2878","size":193},"test_f1":0.9585471772601658,"val_auc":0.9833269700982105,"train_accuracy":0.9481071884304552,"train_loss":0.18310208570049344,"val_f1":0.9406968124536694,"epoch":15,"_timestamp":1.745355021175159e+09,"val_loss":0.31341497585180317,"_wandb":{"runtime":1488},"val_accuracy":0.909297052154195,"test_auc":0.9800770699757526,"train_auc":0.9846194293926644,"val_confusion_matrix_table":{"size":194,"artifact_path":"wandb-client-artifact://eloy8dnbouzfoxj3jt1rr5qzltb60v0wpd1r78a0ewdhc8lf19lvr8tvr5bla66v7sf0wcmyo0wtunejz9mozntkneqgo3namevvqlh2gtxga8lyoi8x95ugboeltd5w/val_confusion_matrix_table.table.json","_latest_artifact_path":"wandb-client-artifact://z2s70ah2vmq8csphhj3h5a2rbuto8tjihqbtbu7ayipui1touhskb42z74c669q0r263e014ulg5kcqsayggianovl5xyczfnmujedqza3ojgzxfjeccdtq7vc8ce4i2:latest/val_confusion_matrix_table.table.json","path":"media/table/val_confusion_matrix_table_14_dfe686df6cad4aa103cb.table.json","ncols":3,"nrows":4,"_type":"table-file","sha256":"dfe686df6cad4aa103cbcc3c5507c7793a5375a5dd97d3a2d90a55d1250955df"},"_step":15,"test_accuracy":0.9414715719063546,"test_precision":0.982200647249191,"test_recall":0.936006168080185}