{"confusion_matrix_table":{"size":190,"artifact_path":"wandb-client-artifact://6nmqaoqzj60nhbygy4g50zjyu6u0hcoq8lxv03ov7mzm6z6h4tzeo8zre2gyoi1jah9y1a5auelpiu1ooaxjq337whj6jd25rcl4mm6rib9wnaaou20u03lpcsz1ed3x/confusion_matrix_table.table.json","_latest_artifact_path":"wandb-client-artifact://nqngnw4qrfhlktfu5gofdjq30k6nubrllodbd24lxa87ow3gipvs0ed7jqcitsvpgbl7yavv1xyl04riglvtq3liw64exoggto3qc2q39ei0ps2ljlr1mskyh4u3pz1c:latest/confusion_matrix_table.table.json","path":"media/table/confusion_matrix_table_50_db773389696806dda5b3.table.json","ncols":3,"nrows":4,"_type":"table-file","sha256":"db773389696806dda5b30eb9694c200e30047dc7b1eee8f4fbd19891b0e98431"},"_step":50,"_wandb":{"runtime":345},"train_f1":0.7892234548335975,"test_recall":0.8055555555555556,"train_auc":0.9097180544531134,"train_loss":0.37920699239286476,"val_confusion_matrix_table":{"_latest_artifact_path":"wandb-client-artifact://9nhqeag650i2sxaqksq9rucojmbj6stonrc68jdid8o5iq53wubfnesfsto0mwa3bk1ois7fmkicin2i7muy7izdkkq1p2hmwnv10m4mmf4ho3zk8pg5ciadr85t510w:latest/val_confusion_matrix_table.table.json","path":"media/table/val_confusion_matrix_table_49_e942ea5da655812792a3.table.json","ncols":3,"nrows":4,"_type":"table-file","sha256":"e942ea5da655812792a3558ed13b081d7d14f113fd13ee068a475fe192624145","size":191,"artifact_path":"wandb-client-artifact://wxcjl2o0yjk45jlgujg0fzybmscih547ptjw7a8tlhkbh8919mr9h38xvmu19wy7btmv7orsefdw6tq30f20ry4nmw10c6i7shkpwvlgv5jo4cklry0fq88dtrtv53b8/val_confusion_matrix_table.table.json"},"epoch":50,"_timestamp":1.7452577225608683e+09,"test_accuracy":0.84,"val_loss":0.4054259580001235,"train_accuracy":0.83375,"val_auc":0.9042992972302604,"val_f1":0.7346938775510204,"_runtime":345.37158642,"pooling_type":"mean","test_f1":0.8285714285714286,"val_accuracy":0.805,"test_precision":0.8529411764705882,"test_auc":0.9152421652421653}