{"auc":0.998065809647364,"experiment_completed":true,"accuracy":0.983,"_step":0,"_wandb":{"runtime":99},"test_loss":0.056838088130191464,"f1_score":0.987707881417209,"_runtime":99.431276213,"_timestamp":1.74844824314928e+09}