{"train_accuracy":0.78,"train_loss":0.4656171870720573,"val_recall":0.573170731707317,"val_f1":0.6573426573426573,"val_auc":0.840326581231914,"val_confusion_matrix_table":{"ncols":3,"nrows":4,"_type":"table-file","sha256":"a5c35977c2e5664d7bb64f9190a7b5821b65c80a09d86ab13cc4938509fad4e3","size":191,"artifact_path":"wandb-client-artifact://ks2bun1nlnlgods88tb8aujajg8x2jv1bx2rg4arbx922x3gg1w8is8pjx1t68dok3hrzyqyycs19dehfd6foci1d2ueun1thkxfn3vxi8dsl4sudhp5d7oz2qgy4ud7/val_confusion_matrix_table.table.json","_latest_artifact_path":"wandb-client-artifact://ki6l8h48rrbu3f3b0jiw78hok5ytnsg25foed1lb4kzmghz0cazyk1zwv7z1oh7cauvnrdjc215tcd5k1vq9jpnqbyq4l98sjt4wsk91wpeebre9eq8mo2djrsaitqwb:latest/val_confusion_matrix_table.table.json","path":"media/table/val_confusion_matrix_table_9_a5c35977c2e5664d7bb6.table.json"},"val_loss":0.5009738875296899,"_wandb":{"runtime":73},"epoch":10,"val_precision":0.7704918032786885,"_timestamp":1.7410832851636615e+09,"_step":9,"val_accuracy":0.755,"_runtime":73.472754997}