{"val_f1":0.1956521739130435,"_step":31,"test_auc":0.8281695156695158,"val_confusion_matrix_table":{"_latest_artifact_path":"wandb-client-artifact://8d90a76jm5kj4684gfo22gdywo57qqlzezyl1dauhey704tz6w0elf90sqtu1ga9uqda18glw28ybr2ef4bzl57qttnqh01rsbxwcxsy3tfsr9js2d5mwwjp3d1kn73r:latest/val_confusion_matrix_table.table.json","path":"media/table/val_confusion_matrix_table_30_e091d20844053a585cd5.table.json","ncols":3,"nrows":4,"_type":"table-file","sha256":"e091d20844053a585cd5bc86a7d4425fd44272ea6b9daee5b21b712fcab4efed","size":189,"artifact_path":"wandb-client-artifact://ts8ljxnmsbfzfxj31ozewpecgo2zk38tkf0efry70i2o6po5iweh2o7cvco0fa33tto0rhur1kq08xym0ytyb6xxb8rm87519w5t2v4vbtepidob9gf5k40q5hxl338e/val_confusion_matrix_table.table.json"},"val_loss":0.9062412483245135,"train_f1":0.8323170731707317,"pooling_type":"max","test_precision":0.7611940298507462,"train_accuracy":0.8625,"train_auc":0.9276034305848645,"_timestamp":1.7452614904084136e+09,"test_recall":0.7083333333333334,"test_accuracy":0.7533333333333333,"test_f1":0.7338129496402878,"val_accuracy":0.63,"_wandb":{"runtime":309},"val_auc":0.7795576684580405,"epoch":31,"confusion_matrix_table":{"nrows":4,"_type":"table-file","sha256":"f9534d7a16578d93d45d55fbfd1dd25e4ce90916800e7a217c92a32f702aca53","size":190,"artifact_path":"wandb-client-artifact://mobdaau5xebjmbf8jvso56wb13h39nasjf3s5bnt1kn85p8chwp4yibrhwjclxccnhmamfz1z6k89j15xj28u7pj2vpuih5t39v3ca05bbdy8md2khemaoa9r1tc98uh/confusion_matrix_table.table.json","_latest_artifact_path":"wandb-client-artifact://ufevec4xhaktczqqamqlri8w7zmbpwmedjx6owgdawi6g3jzsrz8f0mlwm8maxpalkd19f4a7yhc6ah2dv7mduz56hjl74wqii4lygprhjc2ljjchhbzy5nqj4oj4o9t:latest/confusion_matrix_table.table.json","path":"media/table/confusion_matrix_table_31_f9534d7a16578d93d45d.table.json","ncols":3},"_runtime":309.037933692,"train_loss":0.3356250918417936}