{"test_accuracy":0.7733333333333333,"_timestamp":1.7411947728940616e+09,"_wandb":{"runtime":41},"test_f1":0.7571428571428571,"val_loss":0.5799158166348934,"test_precision":0.7794117647058824,"confusion_matrix_table":{"nrows":4,"_type":"table-file","sha256":"51af04b786a43c255a865613e4b7e1ae783c0b87b1782d38d03d05d2659d860e","size":190,"artifact_path":"wandb-client-artifact://g3dzxc3fcck9ua5iivuzrd06fhpk6nd1ovxlc1rpktlen0ixzm32u5dgyvyrfuzb25lkt0hxa1f9r74v935jpqvixr2m2dqm41vahpahg1qwpocooj0hjb4sbwyegr4n/confusion_matrix_table.table.json","_latest_artifact_path":"wandb-client-artifact://pqcfx1l0x9lyajr88jrw4z2tdmm5a9z57ev5oq7k4b8bci31w1edjmjwk0mgnun9bdrbe2glcll04p96o7563z2ztmhrci83gf83h4fah8vm031fnqi9h14jga4o3g42:latest/confusion_matrix_table.table.json","path":"media/table/confusion_matrix_table_4_51af04b786a43c255a86.table.json","ncols":3},"train_loss":0.4954717227211222,"val_recall":0.4024390243902439,"val_accuracy":0.71,"val_precision":0.7857142857142857,"val_f1":0.532258064516129,"epoch":4,"train_accuracy":0.75625,"_step":4,"test_recall":0.7361111111111112,"val_confusion_matrix_table":{"_latest_artifact_path":"wandb-client-artifact://a6drf5vgqyt0eo019ifx2oiihiredj9k1dzry4kt5x1sejb0w95lxjdtvh5qlrp66mfbiso3r74y7y49jci2d07b15ijuuthlwkvjm6hem14v54enzmznuc0vpcrto0w:latest/val_confusion_matrix_table.table.json","path":"media/table/val_confusion_matrix_table_3_f849c55d3467ba25bffa.table.json","ncols":3,"nrows":4,"_type":"table-file","sha256":"f849c55d3467ba25bffa8f522aaedf80bd57b205aa7b52d9872c0987a9910b85","size":190,"artifact_path":"wandb-client-artifact://p1pf900fuaq9mohcsyrrei0i7hv4ne8efjlale0oibfxf2n75fp9h597aoy5ha2koos1qzogszdzofrjzzumb2mxieoss2gu65169dpq88a4c64tjs95zr7pt48uhetz/val_confusion_matrix_table.table.json"},"_runtime":41.581522862,"test_auc":0.8548789173789174,"val_auc":0.7997106242248864}