{"test_auc":0.9860364965428655,"val_f1":0.9516908212560387,"test_recall":0.9144178874325366,"_runtime":681.400248813,"epoch":6,"val_loss":0.3342963204285975,"val_auc":0.9842895786455246,"train_accuracy":0.9322274209556217,"train_f1":0.9534657320872274,"test_precision":0.9908103592314118,"train_loss":0.3093435568895678,"train_auc":0.9740422625107691,"val_accuracy":0.9319727891156463,"_wandb":{"runtime":683},"_timestamp":1.745358906732672e+09,"_step":6,"confusion_matrix_table":{"size":194,"artifact_path":"wandb-client-artifact://wwt1ildsk6wjxa6hwet9v9h8af7c3g9amgit77d70kn21kre6y61mla75l4mpqh1x9rjdnhgga9rt1s1har0thip0mrarndcj2s4l9t1dnnu29k6s38eoh4npogn36t6/confusion_matrix_table.table.json","_latest_artifact_path":"wandb-client-artifact://bs67uqok48va89llzg3yid2r56s03pbpw30bjjnxs7rdjten7bepz7ncydrhztcfrz2r9sg0zs3k0e3fnzaqfsp2svshs2a37k5eauxk9fgl4aam17ua2usrzawmj313:latest/confusion_matrix_table.table.json","path":"media/table/confusion_matrix_table_6_85eab534735259d3c3a4.table.json","ncols":3,"nrows":4,"_type":"table-file","sha256":"85eab534735259d3c3a44b3630f8e7a4a70d1141d38bc97f6a61f18b815f2e34"},"test_f1":0.9510825982357658,"pooling_type":"attention","val_confusion_matrix_table":{"artifact_path":"wandb-client-artifact://tv89m119b6u8puhmvn1b5k5v0m5m4nt819agrmvzpsyzvthaigoxlfd30zycy2ms52j6vdj3p9jxno9m9dnasbivi3umxlb0l1mn62lnz2xcfy0v0ah8w3aofb5bir2s/val_confusion_matrix_table.table.json","_latest_artifact_path":"wandb-client-artifact://1pwboddle6qftai7srpqn9loe76xcbkbzg327emyyy905r4mmqqb0eazc9lc7ef8jqri4q57ismsne8nytanqdnisgrtixt2kud08s8i9dxr00wrvib3f2z1wyd6iovm:latest/val_confusion_matrix_table.table.json","path":"media/table/val_confusion_matrix_table_5_4fc472b885a8165b5194.table.json","ncols":3,"nrows":4,"_type":"table-file","sha256":"4fc472b885a8165b519496f911bbe91c82906ecfdaa2da9db24655221207065b","size":194},"test_accuracy":0.9319955406911928}