{"_runtime":29.715369789,"test_precision":0.8181818181818182,"epoch":5,"val_f1":0.6842105263157895,"test_recall":0.75,"val_auc":0.8326612903225805,"train_accuracy":0.7305882352941176,"test_f1":0.782608695652174,"test_auc":0.8648504273504274,"test_accuracy":0.8,"val_loss":0.5103747701148192,"val_accuracy":0.76,"train_loss":0.5621489072963596,"confusion_matrix_table":{"artifact_path":"wandb-client-artifact://ta4fsu58mfdiasdec13dbpf55pphswnzrevapsjxmbuvcppll3dlywlwkr7z6ogf5kpa8ah5t36hxh7ylks3m7y8xned9oywe95442s47uodrmau9lcf23tvhtkpjwh4/confusion_matrix_table.table.json","_latest_artifact_path":"wandb-client-artifact://69prxvhche14miv9nrtd5qsgdvwt0yhmcyy79t35ocsituqnyh3167k4y95ennbql9tirbp6dlyq6y4flqdkulcz0nc5nydow8ffcob7z57cnqwsml8yl8wg7y8m6fuj:latest/confusion_matrix_table.table.json","path":"media/table/confusion_matrix_table_5_b8b923482b2aae6d0bd4.table.json","ncols":3,"nrows":4,"_type":"table-file","sha256":"b8b923482b2aae6d0bd4c064995a36acd85c3d9b2841ae03014bc07be0c020f8","size":190},"train_auc":0.7781828892358549,"_step":5,"_timestamp":1.7418684271376505e+09,"_wandb":{"runtime":29},"pooling_type":"mean","val_confusion_matrix_table":{"size":190,"artifact_path":"wandb-client-artifact://slitl7k7kc38gv2bsv9gdi5ek6pdsqird46b4bff1uvf2azfhmhkzgsu4cm33zwrj62fvl8shp27r01h3nlw37yaprchjcg0n2ax0d5ivl46180slszmeje88xdd3tw3/val_confusion_matrix_table.table.json","_latest_artifact_path":"wandb-client-artifact://a1hvk7lxqyzbn6535yf669uwuxsbniyp8eeta3dmncb4in9kq6kthsofv89ss3g26fiiteq74z9pdaoo2i78i332x2s7z0dim0zf88j8hd0h8vcmmv5mjlo35vvfwhqi:latest/val_confusion_matrix_table.table.json","path":"media/table/val_confusion_matrix_table_4_600c029102420dac87a1.table.json","ncols":3,"nrows":4,"_type":"table-file","sha256":"600c029102420dac87a15d814d55ff3fa1a187c52e6ad9b754f48b3f5df02727"},"train_f1":0.6514459665144596}