{"train_split_size":4800,"_timestamp":1.7418630638336704e+09,"train_loss":166.9604605581507,"num_epochs":5,"learning_rate":0.001,"val_split_size":1200,"train_dataset_size":6000,"test_dataset_size":1000,"target_digit":3,"_wandb":{"runtime":99},"val_loss":74.13179957164724,"f1_score":0.9842632331902719,"test_loss":0.05781892296851564,"_step":20,"accuracy":0.978,"auc":0.9981554428588277,"bag_size":10,"epoch":5,"_runtime":99.990939772,"status":"Experiment finished","pooling_type":"max"}