{"test_accuracy":0.8,"train_auc":0.7721004981441129,"val_auc":0.8363269794721407,"_timestamp":1.7418684648338532e+09,"train_accuracy":0.7011764705882353,"val_confusion_matrix_table":{"ncols":3,"nrows":4,"_type":"table-file","sha256":"9d14c507eaaa372f5bc53fc51294b4d21d3f5dea47aeb095aeb9a357db1aaaf3","size":189,"artifact_path":"wandb-client-artifact://96an9vf7hkooyil7852kwxl3wf4qmwi5h8xxndcb8tpxvl0p2y92wrnycfr2fxt6fthuuxfn9ssl297ms9dk2ahmazc8ccw4a4uuzdh55240krji010cro551hd2anzx/val_confusion_matrix_table.table.json","_latest_artifact_path":"wandb-client-artifact://xsfteavq0xezok8o9zzrrhoe4jdnt8gu5r3y0e1ldsi0zmh9tgr3og00sci5ve286xp13e99kzvgnhng2503ldf78jcyup1rt1n5mys9e4dqe5uaoeco7hsejmqhvx5n:latest/val_confusion_matrix_table.table.json","path":"media/table/val_confusion_matrix_table_4_9d14c507eaaa372f5bc5.table.json"},"val_loss":0.552243400712808,"confusion_matrix_table":{"artifact_path":"wandb-client-artifact://hfi1n2joyt0187vwk7wq8kv7prft8eximjg3mmhgoicm3aajg4hlov9tnzi7oeg6d7wz26vo8ktmyg0sjld2oj8zmb9xn1xqbsajy1yohbg7zzmzgc9ozhcb6ubjl5x4/confusion_matrix_table.table.json","_latest_artifact_path":"wandb-client-artifact://l9vpo70ru39tc3bfacsncb8h73brjbi23pvmj2sewhz8bg8tin8d2u6ulosz5gb4ai1sqpyn54w32iuqsn957wpkcngb4yu86uwt4qz31d00r9pk6cpl7z168e7i8nj7:latest/confusion_matrix_table.table.json","path":"media/table/confusion_matrix_table_5_b22b075df0bb1e7e3dd2.table.json","ncols":3,"nrows":4,"_type":"table-file","sha256":"b22b075df0bb1e7e3dd26746b5ade70af8ebe3c737733a77419d05a72b77d171","size":190},"pooling_type":"max","_step":5,"_wandb":{"runtime":34},"epoch":5,"val_f1":0.7019867549668874,"train_f1":0.6264705882352941,"test_f1":0.7972972972972973,"train_loss":0.7812132781635418,"val_accuracy":0.7,"test_recall":0.8194444444444444,"_runtime":34.478244867,"test_auc":0.8547008547008548,"test_precision":0.7763157894736842}