{"train_accuracy":0.93625,"epoch":34,"_step":34,"val_confusion_matrix_table":{"_latest_artifact_path":"wandb-client-artifact://ku0x5heela87uxpbpjp2w9hxiean4uet70bucw1ivvyemgm8nbwwqicr0u73chm2ialjdhyat24aocaqdy3asbokeabp02nb6dwyv6dimpiay5w4rhldolje3pgmitvf:latest/val_confusion_matrix_table.table.json","path":"media/table/val_confusion_matrix_table_33_a5147f49b5d8cd5bad89.table.json","ncols":3,"nrows":4,"_type":"table-file","sha256":"a5147f49b5d8cd5bad8910278610c790db51eb1fc60e2a703a1550e73660c7c5","size":190,"artifact_path":"wandb-client-artifact://ddpt4qerv1pxoh8t22fwl4fe1mjbm62ysf80pbe2cbdajyqenp7f334uq7p8uxjs9d17p9ib7uv4szd3jd12z1urmlicvx0e0isev1a8wdgb1k9pv8seghgp0lqflrcq/val_confusion_matrix_table.table.json"},"test_accuracy":0.8133333333333334,"test_precision":0.8142857142857143,"train_f1":0.9216589861751152,"val_auc":0.8794956593633733,"val_accuracy":0.79,"val_f1":0.7586206896551724,"test_recall":0.7916666666666666,"_wandb":{"runtime":298},"test_auc":0.9011752136752137,"train_auc":0.9804658006311346,"_runtime":298.36891515,"train_loss":0.2009595769691338,"val_loss":0.4517919065710157,"test_f1":0.8028169014084507,"confusion_matrix_table":{"artifact_path":"wandb-client-artifact://0j08z3n3wrbdt23zxgb32aqwaheyujomayl81qe1j6vhgv8oc2mznufpuhl7nf9zih7e84ynp5i1fmdyvp1syq1gaezi754ecrtf8dao4kit9n76cjeyarshwe3f5t15/confusion_matrix_table.table.json","_latest_artifact_path":"wandb-client-artifact://uv9tkjckgrocs03lyjgl0bu049biao6p3krxqp8a6a1grs1o7u66986ygz8og0hc3gleflvfr8umh2ko87exoqhwaf2m71ee2bammno6l8uvvxm3y3a73m6768zjo14c:latest/confusion_matrix_table.table.json","path":"media/table/confusion_matrix_table_34_9e21fa16430155276d55.table.json","ncols":3,"nrows":4,"_type":"table-file","sha256":"9e21fa16430155276d55c5e46ac5ea039ca8a675370ce724396a95223acfc406","size":190},"pooling_type":"max","_timestamp":1.7452655435507674e+09}