{"train_loss":0.5039825364889111,"_wandb":{"runtime":68},"val_auc":0.826477883422902,"test_accuracy":0.7933333333333333,"_runtime":68.884727384,"_step":10,"val_precision":0.8043478260869565,"val_recall":0.45121951219512196,"val_loss":0.5513093635998666,"val_accuracy":0.73,"val_confusion_matrix_table":{"_type":"table-file","sha256":"818c705466900ebf7d7f5376b002f1204fc19f0ba6c27564f8e9949a01576c65","size":190,"artifact_path":"wandb-client-artifact://pfslzi10h46qu3zop8rfu7d5q01ind4k1pqqzkiwl0cu78uu4s0u928hd8uri3dew1izqdhgf2p5w3kgkij5as4wnbvzw65yk8jn8hig2a2utzqh3iuz8je5cuhys9cw/val_confusion_matrix_table.table.json","_latest_artifact_path":"wandb-client-artifact://7cdpgpny0cb97ng90kpbryemne517ddr1zw82qunqhb1dfhzz0sis556qv3pzq1rfjomooaljcddgsf7d4vaqrh2fzjxvtqbcdzcpc88l5olj2nnu41s78chdv6ipmtq:latest/val_confusion_matrix_table.table.json","path":"media/table/val_confusion_matrix_table_9_818c705466900ebf7d7f.table.json","ncols":3,"nrows":4},"val_f1":0.578125,"confusion_matrix_table":{"_latest_artifact_path":"wandb-client-artifact://99t0ooplq1b67aies6yika27czvk7mc2xwab7oaobr9dji838wcqvouf1xiakfvnxij1vgyw5t8umpcuzm6c3pcxe7pggvnnkj8njz9y6flp6u4g7ac5itclpnwk4h1e:latest/confusion_matrix_table.table.json","path":"media/table/confusion_matrix_table_10_b3ee5d63956f57bd2c80.table.json","ncols":3,"nrows":4,"_type":"table-file","sha256":"b3ee5d63956f57bd2c807b8a540cf403de7858226fe7ab41fd38ad39c3bd3db4","size":189,"artifact_path":"wandb-client-artifact://om1mp7yud0ox0fydbubzt2ok31g7q5mqsakyoho9tt2dai87mqjodecnvjq4b02cggj8ypnq82qzo8wm6mm12lrqao5rzea3x7qk012ym6xvn5f2dx2wztspxiq46sw4/confusion_matrix_table.table.json"},"test_recall":0.875,"test_f1":0.802547770700637,"_timestamp":1.7410852682999287e+09,"train_accuracy":0.76625,"test_precision":0.7411764705882353,"epoch":10,"test_auc":0.8741096866096866}