{"test_accuracy":0.9448160535117057,"train_loss":0.08354625139007894,"_step":10,"confusion_matrix_table":{"_type":"table-file","sha256":"fc08f6605c7ceb42750007332a720f4b7e2852e664fdd1090ed7da7eabc1a644","size":193,"artifact_path":"wandb-client-artifact://2szu1caen6v7kzuocf373fm4xm925kwl41h8j83sktwgu7o1brmhf9cs4bj6wwyndd0pjwnnhmq3bax0fl12ofjojblw81v79n9ghp6iaf0l3brr2sxa8pbwgoplaq2l/confusion_matrix_table.table.json","_latest_artifact_path":"wandb-client-artifact://o2bgni1l7aa08l53osl2aw4s3nmlmk3ks3s3rc80awecsftk2pd6cojlec3hfc7m1bcqt8h13id1zjjk92kuxfikcfgdfmpo2s53gtdt9bzh1mf6t6grn34zlix92j1q:latest/confusion_matrix_table.table.json","path":"media/table/confusion_matrix_table_10_fc08f6605c7ceb427500.table.json","ncols":3,"nrows":4},"_timestamp":1.7453714366614482e+09,"val_accuracy":0.9512471655328798,"train_accuracy":0.9673897632213243,"test_recall":0.9344641480339244,"train_auc":0.9943973930174788,"epoch":10,"val_f1":0.96640625,"test_precision":0.9885807504078303,"_runtime":979.882291007,"val_auc":0.9898783945151621,"val_loss":0.11849411440768684,"test_auc":0.9883340133321129,"test_f1":0.9607609988109393,"train_f1":0.9775390625,"_wandb":{"runtime":981},"val_confusion_matrix_table":{"sha256":"623085f621c845b58d3b65d9c75e7cdbc43e1560f184cbae4a439fdd7ae87476","size":193,"artifact_path":"wandb-client-artifact://1884er3a9zps9c5tcwnkb1dzhsxsnojd5ym2tcaubezjaescnexx6ru1q01r9oysq0j9jx9hewzq0wg2o7fi25u4gpt1r7datmvzcrug15ayn6i2wkjtbcj2gzq4ogpx/val_confusion_matrix_table.table.json","_latest_artifact_path":"wandb-client-artifact://35ootkpz4r463obal5dpn8l45c9zs8rlb29bogh79bb82p8tooaqw9vi91tblgnpx14szxct9uaq5obd0y8jibx4n0zbkkqlwpl4uuzb0kwiezzhl70xzwmjzk0dapmy:latest/val_confusion_matrix_table.table.json","path":"media/table/val_confusion_matrix_table_9_623085f621c845b58d3b.table.json","ncols":3,"nrows":4,"_type":"table-file"},"pooling_type":"attention"}