{"confusion_matrix_table":{"_latest_artifact_path":"wandb-client-artifact://pph1gsyi7vrmqcymklzgb3t64qsll9o75d5lu6ieo3juamp9d26l53y9pel2d456375dj94odvj4lmaduxl0vp3m7ogt34hbj3kxzbdudmmio6qq869cvw5547081goj:latest/confusion_matrix_table.table.json","path":"media/table/confusion_matrix_table_24_2a828d99efde74e8ad5e.table.json","ncols":3,"nrows":4,"_type":"table-file","sha256":"2a828d99efde74e8ad5e1dbf5a997ed4d04e2e923d806fa763210240bf0a623c","size":190,"artifact_path":"wandb-client-artifact://m573mpsf3in0fcy2x6fq6rg0f4iy7lmq7r3sxcdxopmjuqjnybfmfaw8lf967lostucsc5f62vwa1prdecwzwrkql9an9flpslede7c34l3sp6p6zko46rww1fbdtci6/confusion_matrix_table.table.json"},"train_loss":0.30475819380215396,"val_loss":0.5718954387307167,"train_auc":0.9407585232222717,"_runtime":287.043293531,"pooling_type":"max","val_confusion_matrix_table":{"size":190,"artifact_path":"wandb-client-artifact://ap7qk19wxjoua5uui63qs5fzxgjxgo8a4b0mcfhgh8b1i4le0klu5oc3abtjbq6exv7323o58uml0ybmkujnn71955bcbd0aa8bk4h17ga4c5hbp5sy9rpj20xqu0rp0/val_confusion_matrix_table.table.json","_latest_artifact_path":"wandb-client-artifact://4ezykzxhgzbliikvgdyh3521dawkbeoswaihv6ms5rckte1pfkeqsk6y6t4v95n37zt7ypje1w1ht22435rgy9rpwi4u8sa6k2f1tn5zsspkovg9mtwca748gao3unc3:latest/val_confusion_matrix_table.table.json","path":"media/table/val_confusion_matrix_table_23_b86fd17cf03ccf27f551.table.json","ncols":3,"nrows":4,"_type":"table-file","sha256":"b86fd17cf03ccf27f5511d2d3311beb9612b1ad21ca643b5c04ef8907defcfd0"},"train_f1":0.8509316770186336,"_wandb":{"runtime":287},"test_precision":0.8115942028985508,"val_auc":0.8536585365853658,"val_f1":0.5,"test_accuracy":0.8066666666666666,"test_auc":0.8662749287749287,"val_accuracy":0.7,"epoch":24,"test_f1":0.7943262411347518,"_step":24,"train_accuracy":0.88,"_timestamp":1.7452624222112868e+09,"test_recall":0.7777777777777778}