{"_runtime":22.905197303,"train_loss":0.6551833142898977,"val_precision":0.5596330275229358,"_step":0,"_wandb":{"runtime":23},"epoch":1,"val_auc":0.7225093013642001,"val_recall":0.7439024390243902,"train_accuracy":0.62125,"_timestamp":1.7410834748678324e+09,"val_f1":0.6387434554973822,"val_confusion_matrix_table":{"size":190,"artifact_path":"wandb-client-artifact://r7wo4sl537iukuhgmg2scmyahgfeqshq1nmqlfhc58t1cnjwe5ue92upddal0zj3rmkpmvc8q0pie7usrxyw9fty0b2kk4dnrgiv09ynnywum7ri86qg3u28sv6bvdnl/val_confusion_matrix_table.table.json","_latest_artifact_path":"wandb-client-artifact://dzxv5emgiazvwymso4shctd5zz8zx0fwxjkf4zwl05m4e435q1mijglg4up3kmt51kgh5yivzhw55h2gosdtou1k8t2anrdi6j30jmxdn3c407qul0cdkf4mf1864qav:latest/val_confusion_matrix_table.table.json","path":"media/table/val_confusion_matrix_table_0_195fcfb654e7fafce229.table.json","ncols":3,"nrows":4,"_type":"table-file","sha256":"195fcfb654e7fafce2292b14dabd15d5d4e5a8cf15c0635e9d767e7275328566"},"val_accuracy":0.655,"val_loss":0.6329771339893341}