{"test_f1":0.8,"_step":15,"val_confusion_matrix_table":{"ncols":3,"nrows":4,"_type":"table-file","sha256":"a43f462e0242d5c0f502fff4ea5db00d7c8d6d075c56aac03e93676cf84d50df","size":191,"artifact_path":"wandb-client-artifact://ay4gdf2e3qkaclechtop6p3gi8qn6i3o2t9rmkselbv1s56eaw4a5yacedjpx1ma16fdc5bf6xcmdgtta4tsmofygn35pi49iwtrf31hqlt38kg4m2672yt4y7p3z8do/val_confusion_matrix_table.table.json","_latest_artifact_path":"wandb-client-artifact://tqehoc04r2ou71al5f5qksx4qhoq5m4gvvlfb4ww50rj9upog50fjkr82u2n75wa3xavsj1sapw0kd3qytyitpejusqbkgwoprbn2bae06tjulkixeodlqhgm6zbepde:latest/val_confusion_matrix_table.table.json","path":"media/table/val_confusion_matrix_table_14_a43f462e0242d5c0f502.table.json"},"test_precision":0.7945205479452054,"_runtime":158.960368935,"val_loss":0.4897478170425165,"train_loss":0.5073791592754197,"_timestamp":1.7422313917240856e+09,"epoch":15,"test_accuracy":0.8066666666666666,"train_f1":0.6904376012965965,"val_f1":0.697986577181208,"test_auc":0.8618233618233618,"test_recall":0.8055555555555556,"val_accuracy":0.775,"_wandb":{"runtime":163},"pooling_type":"attention","confusion_matrix_table":{"_type":"table-file","sha256":"17d19d95130c4b10458a1c3ebf33cafaf7d12562f811a17f9d6ae2ad390d618c","size":190,"artifact_path":"wandb-client-artifact://jhue2jtksip5tfh0yh3xjfw9lftlt2vjgh0vxe3301c4lfexbcgrkg3945cjqo63zrk5ntgr4ywmpqd18hvvjmdjaqkvlbv4hflvrzs32bi69j106axgt19ci8x4zck4/confusion_matrix_table.table.json","_latest_artifact_path":"wandb-client-artifact://p2rwkh85aga9g6a3yoyjzqh6f01w7csl99ks20vyuxobtbi8w8zaxbh9aek5ls79ih1zp6h146o7f832y1lvkxwnvogwubxr158k2jnbk6a0lr9bktqz9uuwzi2z7t5c:latest/confusion_matrix_table.table.json","path":"media/table/confusion_matrix_table_15_17d19d95130c4b10458a.table.json","ncols":3,"nrows":4},"train_accuracy":0.76125,"val_auc":0.8469408846630839,"train_auc":0.8349079433914777}