{"train_loss":0.17266661463811514,"_wandb":{"runtime":1216},"test_recall":0.9313801079414032,"_step":9,"val_auc":0.9739137145317337,"train_f1":0.9629412912034329,"val_f1":0.9532048761305545,"_timestamp":1.7453256697898002e+09,"train_auc":0.9854960011370423,"confusion_matrix_table":{"path":"media/table/confusion_matrix_table_9_adda56df8b82545e56b4.table.json","ncols":3,"nrows":4,"_type":"table-file","sha256":"adda56df8b82545e56b4f422b7e56f148eab89800967d66c16bf1092f75961dd","size":193,"artifact_path":"wandb-client-artifact://vvn4zgxhi7kq16a79pweay13ho9f9uxwlgipigifuyg6h1wk8xqw5gh8wbrrm0tfty80ytcmhwarprixopmg0yilm11c4h1f0clnlhak572nstztobusnv6cpg98qz2o/confusion_matrix_table.table.json","_latest_artifact_path":"wandb-client-artifact://ivbjqej79p8u5s3gf77q03slr7w7h0ut95rlayo8dhxcd9k180pbtj1lthsq8t6cqoa669j4umut2u8uyze3kpzfbgzegfje0svkapvgxbzq0fwkue69fzzrg0rnl9y3:latest/confusion_matrix_table.table.json"},"test_accuracy":0.9425863991081382,"epoch":9,"train_accuracy":0.9461222174961009,"test_precision":0.9885433715220949,"test_auc":0.9813925961319188,"val_confusion_matrix_table":{"_type":"table-file","sha256":"d6923f11f1200ce3e2161bd7cceb9fec42b0bba7d0fa6ad844717ba2b820b71e","size":193,"artifact_path":"wandb-client-artifact://f7xud4c7igb3be9d0ydft1qkaiyx1lw3iiy1ttwt2cbl0e1ekxm358dk74ge3amlk1ynrbvieqmngogaz64o547o1lj2a2delnaj2ohst2iqb4x39jbwsgj3cvzvucca/val_confusion_matrix_table.table.json","_latest_artifact_path":"wandb-client-artifact://8123x1o7ueh8pa5gp3v8nq3d5mf05hof2cnhllfq100rmb5vq03d2x2n3cipz69qrp62lne6zh4vjumsoelpxr0mrr8geijg6hpgs503wcmtgpzek6yyl2y1hfvfx0yc:latest/val_confusion_matrix_table.table.json","path":"media/table/val_confusion_matrix_table_8_d6923f11f1200ce3e216.table.json","ncols":3,"nrows":4},"pooling_type":"attention","val_accuracy":0.9325396825396826,"test_f1":0.9591107582373958,"_runtime":1213.631287517,"val_loss":0.24543184944311658}