{"_timestamp":1.7453665875683436e+09,"train_f1":0.9802811401796173,"val_confusion_matrix_table":{"ncols":3,"nrows":4,"_type":"table-file","sha256":"f226c5771fc2e696cc96fad8bf4cae9857ec98185e9661ef70c10c73eb89c8d5","size":193,"artifact_path":"wandb-client-artifact://eng6m0esahmkmc8psq2hv7nfafi81mqqrqgik333ziehgm34j0onek2ylop8bc3d716m8bsu0vzzul6r4fjbet1gdolc95wq61yp8qlk9m2idi74vu5gf8n2aw20er5z/val_confusion_matrix_table.table.json","_latest_artifact_path":"wandb-client-artifact://tjk1eimyltsfibnrh7d6ecl9kc2d8sndgpxjmpphm0mrqm2d48a7wvoaitvqvq9dz0fb49nwebw7vmkse7k36urmtnwtlove2cyhlpqesskt5bifjevqf1f2c2yga8q4:latest/val_confusion_matrix_table.table.json","path":"media/table/val_confusion_matrix_table_12_f226c5771fc2e696cc96.table.json"},"_step":13,"_runtime":1338.908379231,"epoch":13,"test_precision":0.9933774834437086,"pooling_type":"attention","test_accuracy":0.9414715719063546,"test_f1":0.9580838323353293,"train_auc":0.99567778556546,"val_auc":0.9855080704775676,"val_loss":0.1643566042636112,"train_accuracy":0.9713597050900327,"train_loss":0.0711695209631199,"_wandb":{"runtime":1340},"val_accuracy":0.9501133786848073,"val_f1":0.9660231660231661,"test_recall":0.9252120277563608,"test_auc":0.988379001844529,"confusion_matrix_table":{"sha256":"f04eb32bfb32a1797c0ad6ef1a6646e57b6740e6afac99324174b67c0e4d6e3d","size":192,"artifact_path":"wandb-client-artifact://fnqlger62p5gkoblllu9b28sjq2u06avjy8zyn2kyhu8oq6l5xqwb23l9i49vgougqn60tytznltjzbnpcjd5raksxt5264kai8w076s5kvr9owisrp5370uz1xjqqb1/confusion_matrix_table.table.json","_latest_artifact_path":"wandb-client-artifact://f1gkadawyggvhhxdzxglw0u7e2ylbi985d7ydhwbwmed3qgh7f6de0wcm0zscddxn1jkk88a1lbu3via9ntdu83e2rvwvt8przmxk52sfvhfneat397zd3jmmo6pk2ey:latest/confusion_matrix_table.table.json","path":"media/table/confusion_matrix_table_13_f04eb32bfb32a1797c0a.table.json","ncols":3,"nrows":4,"_type":"table-file"}}