{"bag_size":10,"_runtime":229.239928389,"train_dataset_size":6000,"num_epochs":10,"train_loss":79.10101337779562,"_step":24,"f1_score":0.9891067538126361,"val_loss":104.81981850186764,"status":"Model saved as artifact in wandb","_timestamp":1.7418626069160035e+09,"target_digit":3,"test_loss":0.06115500547213807,"train_split_size":4800,"auc":0.9989244014624367,"_wandb":{"runtime":229},"test_dataset_size":1000,"learning_rate":0.001,"epoch":10,"pooling_type":"attention","accuracy":0.985,"val_split_size":1200}