{"test_precision":0.7738095238095238,"_step":35,"test_recall":0.9027777777777778,"pooling_type":"max","val_confusion_matrix_table":{"sha256":"6148bfb5495bb59170b3f2f110f5305d4bae1d3b77a18081a94e45113722d4bf","size":191,"artifact_path":"wandb-client-artifact://l6cfs48rumuu47epkhffea5av8npzcz3pkm6j745la2csw7ra5um091n5zx8nlj59vtqwz8lt8whjkuckdkf92naxuiahhivccbx84e9kh3jkfmliouy75c6tvg13lyg/val_confusion_matrix_table.table.json","_latest_artifact_path":"wandb-client-artifact://ca74mh7a5nx9424gbtcecbmelyc446iii96j80j9uywy43tq0hrxmyooykki3wlt46l2iivflsv7bteqxe1cejbmlpjrgfwpfomfwcpuz2ua1jdw6bl6cxny01ppucvn:latest/val_confusion_matrix_table.table.json","path":"media/table/val_confusion_matrix_table_34_6148bfb5495bb59170b3.table.json","ncols":3,"nrows":4,"_type":"table-file"},"val_auc":0.8759818106655644,"test_auc":0.8899572649572649,"val_loss":0.43946449069539084,"val_accuracy":0.795,"train_auc":0.9651649791235102,"train_accuracy":0.89375,"_timestamp":1.7422319753065388e+09,"val_f1":0.7388535031847133,"test_f1":0.8333333333333334,"test_accuracy":0.8266666666666667,"epoch":35,"train_loss":0.23208103049137946,"_runtime":270.419505362,"confusion_matrix_table":{"nrows":4,"_type":"table-file","sha256":"fc06a7f4cd7359c3b48133b187a34c8c74625a814cf1927b068c53f6dca4953d","size":189,"artifact_path":"wandb-client-artifact://sbbhapjwv4fs0mlnskkgf01vm2kenrldw29j23999pw4imvk772faw24h6qed0w8btrnwmbms8jm4m4ji3q8k44sf7k52cb6r0w5uan2f5s7lxo94b8urhlddszre1mo/confusion_matrix_table.table.json","_latest_artifact_path":"wandb-client-artifact://cbjcko4pruicoq7al6m6bthyczwmbxoocjw42hixpgdctmvo2b42rqlg065tqhapnlsxhopuraw2vlcbgan67d9eivwayeem2br1hqeqd4lns87hiepjp949tfkawo7i:latest/confusion_matrix_table.table.json","path":"media/table/confusion_matrix_table_35_fc06a7f4cd7359c3b481.table.json","ncols":3},"_wandb":{"runtime":273},"train_f1":0.8690292758089369}