{"val_f1":0.6153846153846154,"train_f1":0.6467065868263473,"test_precision":0.8059701492537313,"test_recall":0.75,"val_confusion_matrix_table":{"size":190,"artifact_path":"wandb-client-artifact://ul8zvnfdo1fncrsc0x0r5e2vw2k806d72z8v5i0e6qfohtwoxaa47mr5v3zd0vj3vsyj0z84ennis5m8pg0spyttci4mhugzejrnnredeingay2tf8tsa4h50kq2is0e/val_confusion_matrix_table.table.json","_latest_artifact_path":"wandb-client-artifact://31a23nxyrbo6zyjmnyn21l7q6iuznwa01370vg7i36nsyx19bxxjuzceb8swi1pedja4zynsaoekgob1we37o9tyf6mw02gwewbsd9vr802sm615tsbn6xbljwimtjzh:latest/val_confusion_matrix_table.table.json","path":"media/table/val_confusion_matrix_table_4_56035b2a3b0dd4a3f0e9.table.json","ncols":3,"nrows":4,"_type":"table-file","sha256":"56035b2a3b0dd4a3f0e93741f7b3a74123ea77c1f1303e613f32c24332c43dbc"},"confusion_matrix_table":{"nrows":4,"_type":"table-file","sha256":"05e92c89f35c06607544a240d3646acb51ada5067f29ba1b1e2859271efd2f7a","size":190,"artifact_path":"wandb-client-artifact://lp1593umroa4wrqzfjkuhlmzc46dz0k3boggfvr9ro7caz5pibu28jp8w7krw58hg3kghd2ipzqn9xxltyvf6b74byl4gwk6eb49xmwd9z7o6zz5ro8ge1eaqvk4vo94/confusion_matrix_table.table.json","_latest_artifact_path":"wandb-client-artifact://3fxhx76oavpb98pfojs83al8s041lbs1ucxluh8h0s2t8scjoa4rnowmhjwug7sitxgfjb1qfyil3000yhibirbpr9ayekzmqcrb22m8yw58rke4kbm42s16rstn6dv6:latest/confusion_matrix_table.table.json","path":"media/table/confusion_matrix_table_5_05e92c89f35c06607544.table.json","ncols":3},"val_accuracy":0.7333333333333333,"val_auc":0.8190982404692082,"pooling_type":"mean","val_loss":0.5216470538576444,"_wandb":{"runtime":29},"_timestamp":1.7418671533173862e+09,"test_f1":0.7769784172661871,"test_accuracy":0.7933333333333333,"_step":5,"train_accuracy":0.7223529411764706,"epoch":5,"test_auc":0.853988603988604,"_runtime":29.819292726,"train_auc":0.7872707307448141,"train_loss":0.5448895054091426}