{"test_recall":0.875,"val_accuracy":0.775,"train_auc":0.921279177072645,"_wandb":{"runtime":425},"train_f1":0.8235294117647058,"train_accuracy":0.86125,"test_accuracy":0.8066666666666666,"_step":32,"test_auc":0.8817663817663819,"_runtime":423.798840307,"test_precision":0.7590361445783133,"val_confusion_matrix_table":{"_latest_artifact_path":"wandb-client-artifact://etmavzjixpwucjb4ha3r625ndss6wtejbk2zur1bt4cpm2a4ibiuntcc5swgf0ao3zy0o0pm0haex73pzgdprwjz8tdl61amvlfsh8p1kl666r2fk57xb3e0b2qhfa4a:latest/val_confusion_matrix_table.table.json","path":"media/table/val_confusion_matrix_table_31_2bb8e1d4ccbb1c41c8b0.table.json","ncols":3,"nrows":4,"_type":"table-file","sha256":"2bb8e1d4ccbb1c41c8b09b7386a85603f573a2f70f54ac5a9743c0a70d2cc2a5","size":190,"artifact_path":"wandb-client-artifact://s9hhpbv84ui8yyywdtde2056fa6gnykeie64ielhcszr41qvctdrhtqc5obxnu43gpoo3f660sqbk01y1xa40ftu989wfi6twv0mu63wx0ylampwogy4s5976ir7el7b/val_confusion_matrix_table.table.json"},"confusion_matrix_table":{"_latest_artifact_path":"wandb-client-artifact://d5z0aookfg5aluvzhxdaah2lz31cjcp2n2ewj44rqxzdudgcw358gc7xa9h8ckivjl3gvwibjmblmuf7eotm3lpqmzqgnv0vsldbzur46u7ny6tx2i5vao68uh3ah5k3:latest/confusion_matrix_table.table.json","path":"media/table/confusion_matrix_table_32_0c9b65ae59df79c7bfd9.table.json","ncols":3,"nrows":4,"_type":"table-file","sha256":"0c9b65ae59df79c7bfd92de29f235323e88cfaf2921e2ce77f72a98638983a94","size":189,"artifact_path":"wandb-client-artifact://x4alw7wjoks48ooxkzqo29dmqsv8ibbpa2gsq1dr8if8f87r2m7cwuxrj84gthiys6wbfgtwgh047zxuuvwkk7nhlm68ctpxclog0nutvsu3h1vlvj4ojq9tjlq32fp1/confusion_matrix_table.table.json"},"epoch":32,"val_auc":0.8678172798677138,"_timestamp":1.7452535197779105e+09,"train_loss":0.34890336702548663,"test_f1":0.8129032258064516,"val_f1":0.7567567567567568,"val_loss":0.5040728098619729,"pooling_type":"attention"}