{"_wandb":{"runtime":1021},"confusion_matrix_table":{"nrows":4,"_type":"table-file","sha256":"81c61ab1f022b9215221d633ab7284e92ddca9a4aa0e9fb08dc4a542a9efc78f","size":194,"artifact_path":"wandb-client-artifact://lgvpjs4exi0tfk7xklp2wg7tmnjc1nj8o9dn0l7satbmxoodqru2vlvp0a0f64sqf3zy2hjlap4bdhfgesazs71caeoz95mgfrn1d4ivkya3c6u6saqg4d8cgvba7oj6/confusion_matrix_table.table.json","_latest_artifact_path":"wandb-client-artifact://h3irj74n7yrksot5u4vmt82e6t0i104jx60iugq9d89eczz21te3zy724l1xfw1horzx4yqumn31kbxb9iv1f90qrmflmudi75r5lmy8d5oklx53ywy6sa8p7ptfau6r:latest/confusion_matrix_table.table.json","path":"media/table/confusion_matrix_table_10_81c61ab1f022b9215221.table.json","ncols":3},"test_f1":0.9541284403669725,"val_auc":0.9856445415627564,"train_f1":0.9559711669588934,"_step":10,"test_recall":0.9221279876638396,"_runtime":1019.984723264,"val_confusion_matrix_table":{"artifact_path":"wandb-client-artifact://yvfgs4spkhqnfwtoakxdol6een30ix9utrl2dylvq0rsd2k9fwg9zss0h3yl81u6i1iojvt3igelwc0tzdjtgx1wn88w57ya3eukk10dvb3ma012tzqivqfr7nd6ol1w/val_confusion_matrix_table.table.json","_latest_artifact_path":"wandb-client-artifact://jlq9yb5pcqvoxkz35zxawdnqxz5623aie2r53nbd99uadzln6gs5cst6y1ptt1bitb25wjne6yo5w2hf5k6431lr711jymzfcxzu0q5znp1whor2qigf2h798fzoxmit:latest/val_confusion_matrix_table.table.json","path":"media/table/val_confusion_matrix_table_9_5d61b7fdc0f7844cec9d.table.json","ncols":3,"nrows":4,"_type":"table-file","sha256":"5d61b7fdc0f7844cec9d574e856ecdd4d6ff7fbe127e531753dc1c2bc8fd0176","size":193},"train_accuracy":0.9359137955479938,"train_auc":0.9742785363142872,"val_accuracy":0.941609977324263,"epoch":10,"_timestamp":1.7453560453576748e+09,"val_f1":0.958947787963332,"pooling_type":"attention","test_precision":0.9884297520661157,"train_loss":0.31743792593170056,"val_loss":0.33763039316406784,"test_accuracy":0.9358974358974359,"test_auc":0.9823970810212082}