{"val_confusion_matrix_table":{"artifact_path":"wandb-client-artifact://1bp1s4ae437vtnfhrc24t3pf0xqeq7i8zibohgjmh3003lddqdmvr0knfl4jhn4y5asrs6ntozr7mukar0lfy448yjqijdwxddl0ip4qpt15hbh1amvpmijvkxe105ao/val_confusion_matrix_table.table.json","_latest_artifact_path":"wandb-client-artifact://mv55t6tik5eg40g45dktlm6jtyaqsdpta1o5kfgng50m5o745kmmogxp0oh7j6ts58wspux56nhyngpf2dutxklj4fgzzulwfwkxyuznhg148g89yurmupj1uowxr2wx:latest/val_confusion_matrix_table.table.json","path":"media/table/val_confusion_matrix_table_14_2b5f46950d1c969c0c2c.table.json","ncols":3,"nrows":4,"_type":"table-file","sha256":"2b5f46950d1c969c0c2c4f7aa1ed8dd0c25b63b8b744f27b7442538ced27263c","size":190},"val_f1":0.7093023255813954,"val_accuracy":0.75,"test_precision":0.7439024390243902,"_step":15,"_runtime":283.229508841,"_timestamp":1.7452499520131266e+09,"test_recall":0.8472222222222222,"test_auc":0.85505698005698,"_wandb":{"runtime":284},"confusion_matrix_table":{"artifact_path":"wandb-client-artifact://hp2un0t2igvj4hye3064m4370pz2rmrugma1c2qsrosvl7g4ty9qsvidvofjaii41zu9n1clnafldqja06gqpt76hjcmlr3u5xjt75mc5zacvimvjsvva2l6pppaosdg/confusion_matrix_table.table.json","_latest_artifact_path":"wandb-client-artifact://glc3sl5u0759mas2fdzp3krftdunpio5dk5eumxxdh7kgmyloo7nrmsx71gt9gfcmw73j7pfi62nhh8luu58n57dyn542fuh22k7rmzf9f2vcyg98nm73uzxzt11id2i:latest/confusion_matrix_table.table.json","path":"media/table/confusion_matrix_table_15_32d80ba613dc581c9c50.table.json","ncols":3,"nrows":4,"_type":"table-file","sha256":"32d80ba613dc581c9c508af01352103473c45679aa5fa3699cf30ea98f2983aa","size":190},"test_f1":0.7922077922077922,"train_f1":0.732824427480916,"pooling_type":"attention","train_accuracy":0.78125,"test_accuracy":0.7866666666666666,"epoch":15,"val_loss":0.541291763734771,"val_auc":0.8275113683340223,"train_auc":0.8610277557289348,"train_loss":0.4631775408126805}