{"val_accuracy":0.715,"val_loss":0.57853236829862,"_timestamp":1.7411732567574806e+09,"train_loss":0.44053569495852574,"val_f1":0.5210084033613446,"val_recall":0.3780487804878049,"val_auc":0.8478710210830922,"val_confusion_matrix_table":{"sha256":"1c6f175d094d166c92b7c3d2b999e08483dbe73574a0997b20ca8c32186724bb","size":190,"artifact_path":"wandb-client-artifact://1zqi4zy2hwr1zbuhk60i6zs5p4qokzu8k7bz3c1c4o22m61q6or6jmkvr7w32mrq5rl7wem27e7vine286eon1wqp7axj16jx2ndr84jzg6nt3k8i4mctry5wf5mazn0/val_confusion_matrix_table.table.json","_latest_artifact_path":"wandb-client-artifact://6123wdi4zzuajexrlatn7fz6j9693ao29svvby9ydro1rx3tp5ihkfa623i23zgnp19f9kxpo5eu5g7jerhur6gn2gpyylydjd2zeq1cc66nx87ejpnkjsa2x30ltqw7:latest/val_confusion_matrix_table.table.json","path":"media/table/val_confusion_matrix_table_14_1c6f175d094d166c92b7.table.json","ncols":3,"nrows":4,"_type":"table-file"},"_runtime":108.369177235,"test_recall":0.8333333333333334,"confusion_matrix_table":{"_latest_artifact_path":"wandb-client-artifact://0bo6y7mcie88vmcawmcnjdn58fsg9d4g4aecvryuy5p4gn4fycu1yr6jek58yj2jkf0xewwpbxg96ebhysroaac53ptqejywunm4l637d17vmkezcwjkq2o4udd11nu8:latest/confusion_matrix_table.table.json","path":"media/table/confusion_matrix_table_15_03da4ad02a31d8011a38.table.json","ncols":3,"nrows":4,"_type":"table-file","sha256":"03da4ad02a31d8011a38476df1f65bc4faedb8ee4ba4a17293b486783be0161a","size":190,"artifact_path":"wandb-client-artifact://hg2ebgpc58pq5e3ngbnig0mcp9o7nyrbff4psb4cy0aq8nicccfmk3gzasc6u79kpl2py2ijp4tv3wfq9valpasdubqazsgsfjd1ms5hgir0jdtr49a8w8wp9pvvy65o/confusion_matrix_table.table.json"},"_step":15,"val_precision":0.8378378378378378,"test_f1":0.8,"test_accuracy":0.8,"test_auc":0.8664529914529915,"epoch":15,"test_precision":0.7692307692307693,"_wandb":{"runtime":108},"train_accuracy":0.8125}