{"val_accuracy":0.775,"train_loss":0.20043269784812792,"test_auc":0.899394586894587,"train_accuracy":0.925,"val_loss":0.46032455418258905,"test_f1":0.8270676691729323,"_step":29,"val_auc":0.8685407193054981,"train_f1":0.9079754601226994,"_runtime":309.630886624,"test_precision":0.9016393442622951,"pooling_type":"max","confusion_matrix_table":{"nrows":4,"_type":"table-file","sha256":"b8ed83e514524e2e2a8b9a08e58841c8a9e2641eb47ceebccfbf87fbbfdb4726","size":189,"artifact_path":"wandb-client-artifact://pxqqny6i84693laa31qegg7kazkp0dmez0wavqocn519h0zpkbql45t7ckjoyme0d85dk8ukel2i9v55zyeqy8drwjsht4egwttsfmx0g5r6pjh4qfeleh0rgijlxgkx/confusion_matrix_table.table.json","_latest_artifact_path":"wandb-client-artifact://8dhz36le7x196q4u3qtgmjz63y97kx1icqkc21knp9i5y91tzfm1wktn2w5j0bq7s44d5f1du9sbzzv9q22ktiw6srnoelgfy6f0rwwsguzz2a2g63bhux5le1el4ax9:latest/confusion_matrix_table.table.json","path":"media/table/confusion_matrix_table_29_b8ed83e514524e2e2a8b.table.json","ncols":3},"test_accuracy":0.8466666666666667,"_wandb":{"runtime":309},"epoch":29,"train_auc":0.9806690802083131,"val_f1":0.7019867549668874,"val_confusion_matrix_table":{"ncols":3,"nrows":4,"_type":"table-file","sha256":"96e37805e285aec394dfa40ed1baca8876c865f4b1a476dccedb573795edcf90","size":191,"artifact_path":"wandb-client-artifact://zup8g5xoa84653u70h4i2x4iyk55ckn88f289fwk9yfh6opsfpzpwxpdmj20axcx0v5o9zrx4l84b8jykicfso1jl4reeajzvgpc5t6gkxwu6tgvw7shs45ly2hgnz2b/val_confusion_matrix_table.table.json","_latest_artifact_path":"wandb-client-artifact://ehvsxxn4d3cuef73pntmlv6whka3wr5a0r0z9wlz5bloicsf1y76re8wx6v8y7szp6srutk0pcwr7q8pl7d4cxz1j3mu1j2jf0fdxu72gfh441g8n5q5wjw5pq2s126u:latest/val_confusion_matrix_table.table.json","path":"media/table/val_confusion_matrix_table_28_96e37805e285aec394df.table.json"},"test_recall":0.7638888888888888,"_timestamp":1.7452652425310223e+09}