{"test_auc":0.9056267806267806,"_step":21,"val_accuracy":0.72,"train_auc":0.8614665814828438,"train_f1":0.7189952904238619,"val_confusion_matrix_table":{"artifact_path":"wandb-client-artifact://cmjism5gv85nqszspgodhr841sbosrb56y63j71xoocul7iwhylzpq2bdvrgwwbc907u92mwo6grtu8203rla5q4qe5z04o3c5orizo6ajdwykbwnn4d0fmu4odbza7f/val_confusion_matrix_table.table.json","_latest_artifact_path":"wandb-client-artifact://xr800mg6wr7znpnrxuey1z9bj8u780pdlx0osbvi8q6djk5ybqtbar7m2uaqpbmj7w3go5q911pjuqaubdxflzc2qunwu6jcubtvj4mj0t0azsh2bdn3yb7pfwibt9ue:latest/val_confusion_matrix_table.table.json","path":"media/table/val_confusion_matrix_table_20_34d1bff4447207ae7425.table.json","ncols":3,"nrows":4,"_type":"table-file","sha256":"34d1bff4447207ae7425ed0125f68878cf60a272d5a113c3b66462f3e5996a60","size":189},"test_precision":0.8243243243243243,"val_auc":0.878565522943365,"_wandb":{"runtime":281},"val_loss":0.5880003839801066,"test_f1":0.8356164383561644,"confusion_matrix_table":{"artifact_path":"wandb-client-artifact://xrupcfo0yx00pociceptz1bb75rvjva076nj0jkdbqf5y884zb3hpe7bcp0zy4ub2lkagwlzbfo2gbj0quhlx2laoja6ir8uiqocd39kjdiywj2y634p1vlzb8fwe6ck/confusion_matrix_table.table.json","_latest_artifact_path":"wandb-client-artifact://q20v32judud3jufy8h5s3obou9vr5yszn0qc4rsmtbegr81h11qtgbm89pqwt9v00qrzl5r61mzw4ctol1qu0usd1070ojol7o9fperjmgqwmlccezfycv4og69vzh7d:latest/confusion_matrix_table.table.json","path":"media/table/confusion_matrix_table_21_c013b666687be44ddfef.table.json","ncols":3,"nrows":4,"_type":"table-file","sha256":"c013b666687be44ddfefd2062aadaa7aee6d1938eb0df5588d26743560c0edf1","size":190},"_timestamp":1.7452559340908604e+09,"pooling_type":"mean","test_accuracy":0.84,"test_recall":0.8472222222222222,"train_loss":0.4584300034548505,"_runtime":281.450978963,"val_f1":0.7333333333333333,"epoch":21,"train_accuracy":0.77625}