{"_runtime":23.146721174,"val_confusion_matrix_table":{"sha256":"103099556ad832637a7dbe1c759659cf19f70988fb7b0de5db17a7815f7fcd7e","size":190,"artifact_path":"wandb-client-artifact://ognsrlxtyg8z1jwoyfkaj3ppbppyoaztrejz4fya8zm0g4du93yyllq85plo3fhmajn01wmxd39j4muigxy8fjwf4qg1zn75bacxuaivjtdxr2w5ikl7f8svfawrd5x2/val_confusion_matrix_table.table.json","_latest_artifact_path":"wandb-client-artifact://slv0mjgviyqxijudyzs8ptq3owi1e0wluqymaq3fss3apl5m37nut808deg4kyj5y36t7pt7jl8i4h09rog2ew4k11trjyze9s8bx9ada3nfn2dqk5z148zcwi28fq3q:latest/val_confusion_matrix_table.table.json","path":"media/table/val_confusion_matrix_table_0_103099556ad832637a7d.table.json","ncols":3,"nrows":4,"_type":"table-file"},"val_f1":0.6363636363636364,"val_precision":0.5072463768115942,"_step":0,"_timestamp":1.7410850655238197e+09,"train_loss":0.6381529637705534,"val_auc":0.7596114096734189,"val_loss":0.6457758949324489,"val_recall":0.8536585365853658,"epoch":1,"train_accuracy":0.63875,"_wandb":{"runtime":23},"val_accuracy":0.6}