{"val_precision":0.8181818181818182,"val_confusion_matrix_table":{"size":190,"artifact_path":"wandb-client-artifact://4slnbp2xv1ri8b5o69d07j9xesezdjwilenlldx8ch6iodz2f5nc7ope384lrc3cpt1chsymcas8jjuy7ech0lypbycvl8z7h1jod8047fw8gnul732mcg7pm0jbqku4/val_confusion_matrix_table.table.json","_latest_artifact_path":"wandb-client-artifact://21d6xv9iu9er4y7053j6i2buc1bn3j0vicosaj61qggdd7w4le5ybtwvhnsipgwna4r9o0z6mhknxtlm3vmhm4itafudbety1i43csu6by3dt2eaykn87oiw8egofhji:latest/val_confusion_matrix_table.table.json","path":"media/table/val_confusion_matrix_table_9_445183c256052ed0095f.table.json","ncols":3,"nrows":4,"_type":"table-file","sha256":"445183c256052ed0095f0b25aab7405e1372c249d2797ef77fa82d3ea453e254"},"_wandb":{"runtime":74},"_timestamp":1.7410834052775269e+09,"val_auc":0.8316453079785036,"train_accuracy":0.78375,"val_loss":0.7134611753374338,"val_f1":0.34615384615384615,"val_accuracy":0.66,"epoch":10,"val_recall":0.21951219512195122,"_step":9,"_runtime":73.643585448,"train_loss":0.474672232720186}