{"test_f1":0.8533333333333334,"test_accuracy":0.8533333333333334,"val_loss":0.4867795574106276,"train_auc":0.9155454023322298,"_step":50,"confusion_matrix_table":{"_type":"table-file","sha256":"59853f08e24af705950fc37301c3393f6cc560e49a216774fe8dcef485b17b43","size":189,"artifact_path":"wandb-client-artifact://smodnf3bfxkb443ds22enkn9fs1ryyl4t6rkoisvkmkm68qic771tgdi21yqgiqmrems4gcn7qwp8v3b5750sh9lqe399gwkifayoiv2wy0uuldhqlsyk3p118zafv3g/confusion_matrix_table.table.json","_latest_artifact_path":"wandb-client-artifact://ogaowjou9nx721dofwc7ep3il5deawo48kw6il82mc52ig6vibb9i80axomxtsc3diry496iv7b6lq0yxfnmcs9lj84cyjza15htodab0fzg79n1o986t762463vwd2t:latest/confusion_matrix_table.table.json","path":"media/table/confusion_matrix_table_50_59853f08e24af705950f.table.json","ncols":3,"nrows":4},"test_recall":0.8888888888888888,"train_f1":0.8025276461295419,"pooling_type":"mean","_runtime":339.607754874,"_wandb":{"runtime":339},"test_precision":0.8205128205128205,"train_loss":0.3648526301149104,"val_f1":0.7325581395348837,"val_confusion_matrix_table":{"nrows":4,"_type":"table-file","sha256":"296a2f80994598ba46d77491114fa25a7c77dfcecb5f25514452e16e5dbc13cc","size":190,"artifact_path":"wandb-client-artifact://67818y824q5byefmlji4jaysezt5dj2eiqh6yh9z3s7v287ejykk9qfc4tsjc90kvaooxno5mdc3es4zgfnrh7wm2oh3y0zb7ojaynhf6k9j1dv35dxlat125ar1nn2y/val_confusion_matrix_table.table.json","_latest_artifact_path":"wandb-client-artifact://em27qdyrrd6lbzdhkvalilnurhhey87fkuwk06bwof8f07zwpuqstcbsnap13ytvb2ig4ac0ikpqr7cm6x04u2vf6cdr2lc60kxgipo8q0xuljtqhgvlh3qcmvzvpa20:latest/val_confusion_matrix_table.table.json","path":"media/table/val_confusion_matrix_table_49_296a2f80994598ba46d7.table.json","ncols":3},"epoch":50,"val_accuracy":0.77,"train_accuracy":0.84375,"_timestamp":1.7452596947636101e+09,"val_auc":0.8524183546920215,"test_auc":0.9136396011396011}