{"test_recall":0.936006168080185,"_step":15,"train_accuracy":0.9770310506167589,"_timestamp":1.745344855071466e+09,"test_accuracy":0.9470457079152731,"_runtime":1502.50181672,"train_auc":0.9955980787401768,"test_auc":0.9900327175078226,"_wandb":{"runtime":1504},"pooling_type":"attention","epoch":15,"test_precision":0.9902120717781403,"val_accuracy":0.949546485260771,"val_f1":0.9650569297212407,"confusion_matrix_table":{"_type":"table-file","sha256":"b19b3537ca7b95dddd3572d1e1014f8f45e21da7749d47aec64b927eaf5796bb","size":193,"artifact_path":"wandb-client-artifact://psv4txp63xezviaqthnce9ceuhzbl07vorajp8kcblk4fzdeis9clrlfufq7ttcoenlc48sl1qy4829ohrgf5r5fuz5zsr2q2uw0lh5tx55vt1g9tqsvjujr0b2f00be/confusion_matrix_table.table.json","_latest_artifact_path":"wandb-client-artifact://fyc3nu03r6aq04wnho4ycv1slufczu5xk9rpev1cv5qgnkooudrv54slcmgj3vdd9nf0abre88c8lu1mgr90u1j0auotuzvsg2om5zdexubj45lr0txm27ecut173tid:latest/confusion_matrix_table.table.json","path":"media/table/confusion_matrix_table_15_b19b3537ca7b95dddd35.table.json","ncols":3,"nrows":4},"train_loss":0.06929579984969296,"val_auc":0.9884933754660732,"train_f1":0.9841765969915999,"val_confusion_matrix_table":{"_type":"table-file","sha256":"d0cf6009b3594b6a49527551ba736f5b67938195124b4edd7ae5a7035e5c1f2a","size":193,"artifact_path":"wandb-client-artifact://q3x2pkrol9cd3ntt2zwkeh3kaf3bxiw2wf5xwuy89asqezv63rc4luatnk8zpe1dfx5dsy0y0knmsi3lpkm8zgvxkf158w4wpvr0vdg7n6jnu14xwhu659mtndmyw6ic/val_confusion_matrix_table.table.json","_latest_artifact_path":"wandb-client-artifact://nnjbl98880dbwm2d9ex0ohr2bwqx56qz705btbbctmeisjq6476vprz9oq47sgj9hht2s3bd9qbuww7761rmvrcf4g0sf5ipoww0kkmejcpzy7x04rq2hjzwjcfkidpu:latest/val_confusion_matrix_table.table.json","path":"media/table/val_confusion_matrix_table_14_d0cf6009b3594b6a4952.table.json","ncols":3,"nrows":4},"val_loss":0.1431995232090867,"test_f1":0.9623464130003964}