{"_wandb":{"runtime":98},"auc":0.9976836891142824,"_step":0,"accuracy":0.984,"test_loss":0.052525863835233166,"experiment_completed":true,"_runtime":98.096900066,"f1_score":0.988388969521045,"_timestamp":1.748448845502128e+09}