{"val_accuracy":0.9393424036281179,"train_f1":0.9692564581082408,"_wandb":{"runtime":598},"val_confusion_matrix_table":{"_type":"table-file","sha256":"4e883ff840a5b8c12e60855942ad0b76f87d1c93277f0fd61e5dc462102106c7","size":193,"artifact_path":"wandb-client-artifact://in1l8dacxir0e8wchb6cprv3xgq5xwhiedlob3cpsez226wqzwd4uz9x5303oudrhg6ff2v4m5hbmncmytbqbid42e3cexqo8rwl2dz3uvar08hme2jj6h0yesik25f8/val_confusion_matrix_table.table.json","_latest_artifact_path":"wandb-client-artifact://zx9cqtj96cwxo40dcbi998mpkxucgvhdbx7ecsocksrrakrcv4pade7asyhk6sa824lpnfooiyx27wv69r4k33d23zd27c57qlok8wrtgf77tgfbxvxbc4x92xri63mi:latest/val_confusion_matrix_table.table.json","path":"media/table/val_confusion_matrix_table_6_4e883ff840a5b8c12e60.table.json","ncols":3,"nrows":4},"train_auc":0.9892134502014326,"val_f1":0.9577909270216962,"_timestamp":1.7419548071628764e+09,"_runtime":596.18594895,"test_precision":0.9830371567043619,"train_loss":0.11904452430560336,"val_auc":0.9735790354418659,"train_accuracy":0.9556217212533673,"epoch":7,"test_auc":0.9730580863748411,"confusion_matrix_table":{"nrows":4,"_type":"table-file","sha256":"d8279cf1461a42ccd41efb7b237e8274bd6bcf233b7b762bc9049b29c6043ae3","size":193,"artifact_path":"wandb-client-artifact://xfylrbk3ymoi7cvne9odz5fuval6wgishipt4z6p3n6jeb6crgkotihtvprvzkdlqkeb6yf55d4wusprrqusg1ply7x3oa1c9c3bd5pgrqrlp5zvnnrxwtaa7f4qgfbm/confusion_matrix_table.table.json","_latest_artifact_path":"wandb-client-artifact://8o9cfsz30xmxbxwqy7qigukcgf9hk6ofn70x89ztm6v4ooi4mgf2j5xe3t1anrnpgm0c26zgbr39miqffw5cyim5pfkojpiw7f8x4apd9yhf7gzacro3nt3wgn8xyer0:latest/confusion_matrix_table.table.json","path":"media/table/confusion_matrix_table_7_d8279cf1461a42ccd41e.table.json","ncols":3},"_step":7,"test_recall":0.938319198149576,"test_accuracy":0.9437012263099219,"val_loss":0.30198944839604036,"pooling_type":"max","test_f1":0.9601577909270217}