{"train_f1":0.736,"test_precision":0.8813559322033898,"train_accuracy":0.79375,"test_auc":0.905982905982906,"confusion_matrix_table":{"size":189,"artifact_path":"wandb-client-artifact://rsggng6ydmyh0t7qp5f6riqn5262m83awkzqnh7jj20rca9e06g9pfnfpgg415p2v1r80u8bn492mqpywn5ocubthulq99j0kfiwjcdqxjnmq9a8rhjs4amr72yej4wo/confusion_matrix_table.table.json","_latest_artifact_path":"wandb-client-artifact://cxdr2awshfaayp7gstcc83fws66j86wkkjiu8hmjra74hbkqky7sqt9ai7blrqmjj83804snfbm0rz9klnx5u33bwlmi4rxlfqb2q1wepanxwftog7ha2znm6jelzmxq:latest/confusion_matrix_table.table.json","path":"media/table/confusion_matrix_table_31_8abd7fd9b82fdca62896.table.json","ncols":3,"nrows":4,"_type":"table-file","sha256":"8abd7fd9b82fdca62896464163d8005c1a194844fe14aff2962d5b026e7e420f"},"test_recall":0.7222222222222222,"val_accuracy":0.83,"_step":31,"_runtime":300.395003944,"val_auc":0.8977883422902025,"val_loss":0.41245254604145887,"train_loss":0.43804834722715896,"_timestamp":1.7452562372377167e+09,"test_f1":0.7938931297709924,"val_f1":0.7951807228915663,"pooling_type":"mean","test_accuracy":0.82,"train_auc":0.8752734594312044,"epoch":31,"_wandb":{"runtime":300},"val_confusion_matrix_table":{"sha256":"f2619108002b62b5110b432ca398154eeda9ac12b9838a273e61bfb4fc36e2a7","size":191,"artifact_path":"wandb-client-artifact://j5na4e2w6sv22hsa5u2eynd109d51u62iv7cl8x9hdx1kv3wfjh29e00ibvyhfixscvjtit8euacxbu3vh94unbqln8bfv2jl99uqpmnyhdl1l2gvzklsetgqz7q89ut/val_confusion_matrix_table.table.json","_latest_artifact_path":"wandb-client-artifact://lzxr5j4iv5rixo9qjhdhye8l8zkwxcb1klk6qt2tz4c2kmk72iq93hfc91yu6y563uch3xd65mphz4q30b7czq3kpuk5qpofncy0wjvylyrt0a6gw0ndal69ulotjkdz:latest/val_confusion_matrix_table.table.json","path":"media/table/val_confusion_matrix_table_30_f2619108002b62b5110b.table.json","ncols":3,"nrows":4,"_type":"table-file"}}