{"epoch":15,"_step":15,"test_recall":0.9514263685427911,"pooling_type":"attention","confusion_matrix_table":{"artifact_path":"wandb-client-artifact://5oeh4ac7uhx5fwljonfzq608y7fmdqmdjig6zcvhlnd6v2vuvmd4zcalm050q7bdz49ne5y13w3id699ouwmo2dwaaaffvb1a3tgt8iwxrrhl87hz7eq9zq1eygf20sj/confusion_matrix_table.table.json","_latest_artifact_path":"wandb-client-artifact://touej7txx5et4x267nwzmgp16lxo69r87guo1y3s69a0e2xgr7ysqhh3kouoa8vk3y1rk8zbwq583sfnze4y1mpe8vxh2t6mev2kefoepz9n800ubexzn125rjt283mo:latest/confusion_matrix_table.table.json","path":"media/table/confusion_matrix_table_15_86dfcaf512e6b0ef31a3.table.json","ncols":3,"nrows":4,"_type":"table-file","sha256":"86dfcaf512e6b0ef31a3f3e490bf893b7741bba27ccf6a5fcfb65c0194a0e4e8","size":193},"test_precision":0.9840510366826156,"train_accuracy":0.972635757833546,"train_auc":0.9957643549043995,"val_auc":0.9891172432840792,"test_accuracy":0.9537346711259754,"val_f1":0.9667440061871616,"train_f1":0.9811320754716981,"train_loss":0.06963888054740218,"_timestamp":1.745365245289292e+09,"val_accuracy":0.9512471655328798,"_wandb":{"runtime":1521},"val_loss":0.1251202886806648,"val_confusion_matrix_table":{"_latest_artifact_path":"wandb-client-artifact://u3z11dury0ah0jsxjdp1kmzbhhydga6nk51kfco6it23nh6ykbl7gqtaqwh54zi84ezdjwmgufnz1u6rssurxnvp7ir7is6tsh4brlmz40ufm98ub8945j07favxympl:latest/val_confusion_matrix_table.table.json","path":"media/table/val_confusion_matrix_table_14_808282a599f6a6e8caae.table.json","ncols":3,"nrows":4,"_type":"table-file","sha256":"808282a599f6a6e8caae5c793dd9632665df567b715f3ece617cf7786e867818","size":193,"artifact_path":"wandb-client-artifact://u46wywjb4iivyeip3muonwui37sg3ulcry5uluktrcbgfjcqqjtaryib3tnx58h2wo4b8pqmvruhznndn9p1ii2ic85stxefigkz5l21pmya0qe8j6tcm8ctti9mxztu/val_confusion_matrix_table.table.json"},"test_f1":0.9674637397099177,"_runtime":1519.846704774,"test_auc":0.9889591985218947}