{"epoch":1,"val_loss":129.01327156920058,"test_loss":0.10952748540997624,"_timestamp":1.7418595677713711e+09,"_runtime":95.053726318,"accuracy":0.956,"train_loss":1265.147740252341,"f1_score":0.9684361549497847,"auc":0.9914989975232927,"_wandb":{"runtime":96},"_step":3}