{"test_auc":0.8835470085470086,"_wandb":{"runtime":57},"_step":10,"_timestamp":1.7406543120311906e+09,"train_loss":0.44752510998936484,"test_accuracy":0.48,"val_accuracy":0.78,"val_loss":0.4998344468255527,"train_accuracy":0.78875,"_runtime":57.593457956,"confusion_matrix_table":{"artifact_path":"wandb-client-artifact://uueqwktta9iy17gyt38meyov7tb294wmg1vw2p0yqx4erootd2tk4j6pne1vl793hxga6jvf9ks2q83kcspf9hdw2s498njacfadqn4huftslo1vx19c7wczyw3qzz03/confusion_matrix_table.table.json","_latest_artifact_path":"wandb-client-artifact://sqv08qtgazeb8h9gkuakx76l40yzzpwdfexk05yxhmyjmx3sxx0rre2xdo9gdzjg6x3s1exfiryei3780wikkw2mpg9sscllrqq10o8kr0dauu2g9rxqjhqgtc93pkht:latest/confusion_matrix_table.table.json","path":"media/table/confusion_matrix_table_10_5fa2e2a998744a037fc3.table.json","ncols":3,"nrows":4,"_type":"table-file","sha256":"5fa2e2a998744a037fc32815b1b0b83a93f18175aa380e8b95ee901a8e6c4141","size":188},"epoch":10}