{"train_f1":0.7670364500792393,"test_auc":0.8641381766381767,"_wandb":{"runtime":286},"test_accuracy":0.8,"val_accuracy":0.725,"test_recall":0.7361111111111112,"confusion_matrix_table":{"sha256":"f1e42f584bc7d38a94c8df5e6e43952af8876b550d88749d2234d8918d452a37","size":190,"artifact_path":"wandb-client-artifact://7eammajf8ymzjmuar5baku3camc6vxyn889m0z1f743w3jjr4cz0ofdh2njq6utmr8h4pc48ov5gqf8q41vjzbswgmj0tvu5mjiql0380n9qshe5mjrnfxfmxtwiugd2/confusion_matrix_table.table.json","_latest_artifact_path":"wandb-client-artifact://99uot6lehnw17g2446ey5ol3pvh6pzgczduizjewmuvyrc8lv4a784oryptp41xq8j97yp7lod9jppulh0b5vky916jzdcz0d3opeabcz4z2q2xuo4xd2uthb4dzkn72:latest/confusion_matrix_table.table.json","path":"media/table/confusion_matrix_table_26_f1e42f584bc7d38a94c8.table.json","ncols":3,"nrows":4,"_type":"table-file"},"val_loss":0.5556262076389976,"val_f1":0.5669291338582677,"train_auc":0.8882801257106719,"test_precision":0.828125,"pooling_type":"attention","val_auc":0.867817279867714,"_timestamp":1.74524859653819e+09,"epoch":26,"train_accuracy":0.81625,"test_f1":0.7794117647058824,"_runtime":286.057232831,"train_loss":0.4179628230186316,"_step":26,"val_confusion_matrix_table":{"size":190,"artifact_path":"wandb-client-artifact://j0lwram16byccse3jkcvxlq0q7kpvyhyebksokoujasy61set0jm0fwrc2cl35josude5al9clce3foeqnvbde4mo2k2uwouq215oh6c3g59bmtm9jvul0wuw1rmyzdb/val_confusion_matrix_table.table.json","_latest_artifact_path":"wandb-client-artifact://5vct2utj4ey9knehwh0iwpijug4pcku5hjo63me8aarohx8zi8egs52i9he78zahf5fa2xgcz6t58y12zwge622gz92e03q4dwcs2tzboryt7ttyr9o4orh9au8xb4zs:latest/val_confusion_matrix_table.table.json","path":"media/table/val_confusion_matrix_table_25_adfe2a67ced5dfb75841.table.json","ncols":3,"nrows":4,"_type":"table-file","sha256":"adfe2a67ced5dfb758418d5b81fcec2b7ee46cd610280c7b19b76e4170a0a289"}}