{"val_confusion_matrix_table":{"path":"media/table/val_confusion_matrix_table_11_b37b4ec369c8db3a7da0.table.json","ncols":3,"nrows":4,"_type":"table-file","sha256":"b37b4ec369c8db3a7da0145c46ff758f5349a98f9e7c290a8bcd807e06681376","size":193,"artifact_path":"wandb-client-artifact://17uhpxyp3may9b7tgunqq2rchgrogvqhnvtggwdjvatd50n16ivp9canp3by8ieezt5dmv7f8fwnbmeld4r19pjlu2v0iatxxlp4fm2uyuwmd15lxrg4l3rlzlp7y8yn/val_confusion_matrix_table.table.json","_latest_artifact_path":"wandb-client-artifact://bhqjkk75dujg1espht5eek2oyy5f47bu6hdfa5xejhi9xnyhjn60eho4gno6wsypz1jpwttpl7j4u5xesmxgt4rmydkj531zcu6x7tnz4jslkz5evv4o29uw0tqg28rh:latest/val_confusion_matrix_table.table.json"},"val_loss":0.14607873824453693,"_step":12,"confusion_matrix_table":{"_latest_artifact_path":"wandb-client-artifact://j9zxm48iihthwkie82oc4ktfl14a11y8fcpbtw13lkzpce3i77mosedmfl51e4g9aks2ls6z4rinojwvcc55xo66ik3ywqpxh6uxobsdmisjq2a7dwpo0bh0dw9acx0x:latest/confusion_matrix_table.table.json","path":"media/table/confusion_matrix_table_12_6e6fdf3a5d8cbae5310d.table.json","ncols":3,"nrows":4,"_type":"table-file","sha256":"6e6fdf3a5d8cbae5310d120bd3e67b3fd2b3904436fd7829bb35544fc7c7a078","size":193,"artifact_path":"wandb-client-artifact://tb44aix943wmot3120qot4nl3u493dz1c2f7d2zkxle7n48i759eldq5vrb1ciq7hxz3sq8kbqsk1gc5399bauhqld53z3pv31pcv18z9yuo1yad3pmnotjsesghyv0s/confusion_matrix_table.table.json"},"train_loss":0.07337246915847419,"test_accuracy":0.9509476031215162,"train_f1":0.981260979894593,"test_auc":0.9883355646601274,"val_accuracy":0.949546485260771,"train_accuracy":0.9727775414717141,"_timestamp":1.7453726683292227e+09,"_wandb":{"runtime":1229},"pooling_type":"attention","_runtime":1228.233601478,"val_auc":0.9868394758860467,"val_f1":0.9656503280586646,"test_f1":0.9653270291568163,"epoch":12,"train_auc":0.9955004277125179,"test_recall":0.9444872783346183,"test_precision":0.9871071716357775}