{"pooling_type":"attention","train_f1":0.9608339828526891,"train_accuracy":0.9430029774564015,"test_precision":0.9894651539708266,"val_auc":0.9903592926248752,"val_loss":0.12272303174246009,"test_auc":0.989005738362325,"train_loss":0.19567840312633988,"epoch":15,"_step":15,"val_confusion_matrix_table":{"_type":"table-file","sha256":"3c8af5653ca29da364d75895dbcaa6607166733be8c1948740e13b1e2827d3c6","size":193,"artifact_path":"wandb-client-artifact://pb214x752lqkzl0uxzgi7c973w9m3ontf5ua8r8aylkvccs5tzns5wdnjhoarbzmeowruhobev8pc9quzvr4uzqf8nv8o4eu68192m52uv21f5yu4jjkcrim8v47r5un/val_confusion_matrix_table.table.json","_latest_artifact_path":"wandb-client-artifact://boxgjgg0o58eqae15g4r4qax4cib2gwmuvac29l24d705ptawqiss9sxsjmtzdz3xlyawjwzg2cxlp41b2yil1bsrrrsazzp7gweg7l3pmow7zko5c1yd0m0pycwuxjk:latest/val_confusion_matrix_table.table.json","path":"media/table/val_confusion_matrix_table_14_3c8af5653ca29da364d7.table.json","ncols":3,"nrows":4},"confusion_matrix_table":{"sha256":"c4bf7e6b36a3336751b693cff3bc651d9341af2a98f9440cf5c3393b7e6da006","size":193,"artifact_path":"wandb-client-artifact://5paf2zl19qc5wnjzniaxd0c0unci36m4tcu74etcti7qr65mdc491zkhgd9cmivgh8csq8ruqbucuahefuii7sb5jooeiwwh9o85g312oquetrcagryf0hgu87n1qhgh/confusion_matrix_table.table.json","_latest_artifact_path":"wandb-client-artifact://mj6xcyyslh8qnkulpjwpqnyfrbgehhzckb6p1qs4ipivw2oremdwdcc6ooftbwxwdzoqwv2olo5wukqwv06av9ifw335m4sae8s5qksp4ioh7pz66f2m5ogut26lg7v1:latest/confusion_matrix_table.table.json","path":"media/table/confusion_matrix_table_15_c4bf7e6b36a3336751b6.table.json","ncols":3,"nrows":4,"_type":"table-file"},"_timestamp":1.7453244526734815e+09,"test_f1":0.964836033188463,"train_auc":0.9824862043142133,"test_accuracy":0.9503901895206243,"val_f1":0.9672841939298384,"_wandb":{"runtime":2615},"_runtime":2614.562735651,"test_recall":0.9414032382420972,"val_accuracy":0.9529478458049887}