{"train_auc":0.9809366487305977,"val_confusion_matrix_table":{"_latest_artifact_path":"wandb-client-artifact://wh3i5pfnw066huk1uzxe67wc91fz3vhgx5bonps38ar9yszuy2bqo9cdewbvel00n9hwmroaervj3zdhlvbvb7h4n73pk66k8f5o0xzfglzjllcgmozk09z75z87443t:latest/val_confusion_matrix_table.table.json","path":"media/table/val_confusion_matrix_table_6_b565050c06f313d71d2d.table.json","ncols":3,"nrows":4,"_type":"table-file","sha256":"b565050c06f313d71d2d1431733234d69287e304a1833ce85792ae74a15b41f4","size":193,"artifact_path":"wandb-client-artifact://iw0kp5byprg01y2o1c4pfg41hoql3g6s1vgjdzkd7wmkifh5tb12eat30624mt8kc6cvaaqpg66je32bo0mr3lt8t4csbkhcxo5l4v1vmi2tq3srrltts583b2i5abcx/val_confusion_matrix_table.table.json"},"pooling_type":"attention","test_accuracy":0.947603121516165,"test_f1":0.9628458498023715,"epoch":7,"confusion_matrix_table":{"path":"media/table/confusion_matrix_table_7_bd570a035bd4502c8748.table.json","ncols":3,"nrows":4,"_type":"table-file","sha256":"bd570a035bd4502c8748e15cca73bd4d8cb33a32f83d4f7d3d75eb5578bb6de4","size":193,"artifact_path":"wandb-client-artifact://so1lszmektsey3cbo14vxc5d0roatud7qixwlec07pelbqeth7j5yvfo5wreouvv11qziztcyb66pmh7ylv5s9pkd0rib8fot2vzhkh0n9qoq5nhfxguvvkthhqx9n31/confusion_matrix_table.table.json","_latest_artifact_path":"wandb-client-artifact://2434nvviedkvoquuk8682u0u75b39mjkm94jrsfx7a1dny0mdpyd2ttrlkaoo8ibbosqprn0wii1x0cja5soqvx7knk1ffv85c91tr2m4ul3xmrptj97ydm5miw24s7t:latest/confusion_matrix_table.table.json"},"val_auc":0.9768649017489419,"_wandb":{"runtime":814},"_step":7,"test_auc":0.9819200476567966,"val_loss":0.41006217073478807,"val_accuracy":0.9331065759637188,"test_recall":0.9390902081727063,"val_f1":0.9545104086353122,"train_f1":0.96,"_timestamp":1.745335768878222e+09,"_runtime":812.926548512,"test_precision":0.9878345498783455,"train_loss":0.24637394134897145,"train_accuracy":0.9417269247128881}