{"confusion_matrix_table":{"size":190,"artifact_path":"wandb-client-artifact://wkezljkft0fzabkow9sgco78fj5peuq7kgq02891fz98e69o1k4t780catyactjv26ad9lrqeca3tglwnage76okfi7682x0hiiy98tiihzzpud0d3h4aqojmbo2bf9h/confusion_matrix_table.table.json","_latest_artifact_path":"wandb-client-artifact://5llj3b21yjw8i1ezv25e372mfol5nisz4uvlxocm7gfljb2j2hhzhsstoa0hmo1xie9bda9pfnvqjpvj7b6dylkmm2mr7lfvpt2oleohntufnf8hzuaf7gpo71jc7kq3:latest/confusion_matrix_table.table.json","path":"media/table/confusion_matrix_table_20_ca10b5d2ca22952d6a6a.table.json","ncols":3,"nrows":4,"_type":"table-file","sha256":"ca10b5d2ca22952d6a6a75d9048c0eb456a08ad5910295cbf895b554af2355ea"},"test_f1":0.8243243243243243,"train_auc":0.8675520621583773,"_step":20,"val_loss":0.5585560541786253,"_wandb":{"runtime":332},"test_accuracy":0.8266666666666667,"test_recall":0.8472222222222222,"test_auc":0.8831908831908832,"train_f1":0.7297709923664122,"val_accuracy":0.74,"val_confusion_matrix_table":{"sha256":"b57fd408c18f91890245bc80c01d94ef51c8c950ac3caac578b504045c3094eb","size":190,"artifact_path":"wandb-client-artifact://jt39sqx835s7lz1mjtudxk2qseg3t8th2a6wmlisjfn0tkkwmoiw53emetgty186iz6lg23m4k33k3gmn3euir8h0ojrj5uk2l35cdrjo7xu0s5uvntzuviriowo8ar2/val_confusion_matrix_table.table.json","_latest_artifact_path":"wandb-client-artifact://syks4e4gu5fnxizqiwz4bz8swn9ayfe6ygouf0tmzra8ocd4pmnropoykp21fzu9ehkujqvv5zritua1p8tbllne1l5pwdlyp60ojlqavupnudafe9yubm6hhxhrz778:latest/val_confusion_matrix_table.table.json","path":"media/table/val_confusion_matrix_table_19_b57fd408c18f91890245.table.json","ncols":3,"nrows":4,"_type":"table-file"},"train_loss":0.45576048588942286,"_timestamp":1.745248041457149e+09,"val_auc":0.8375361719718892,"val_f1":0.5737704918032787,"pooling_type":"attention","epoch":20,"_runtime":331.451700175,"test_precision":0.8026315789473685,"train_accuracy":0.77875}