{"_runtime":41.701409466,"val_accuracy":0.78,"val_f1":0.6915887850467289,"val_loss":0.49612504947930575,"train_auc":0.8243741742875281,"val_auc":0.843841642228739,"test_precision":0.75,"_step":5,"test_recall":0.875,"val_confusion_matrix_table":{"_latest_artifact_path":"wandb-client-artifact://8shmr2v30khrlnftpb373mm26avpy466udoiao0qs370xp5a6o4yfa1hirliin6oc2xl8xt5pvsfhvx998jfqo34yfa4f5iitfgzuuhqe3ld1yjtkpfukos3q2ka6ove:latest/val_confusion_matrix_table.table.json","path":"media/table/val_confusion_matrix_table_4_5f3d4b41cc995368399b.table.json","ncols":3,"nrows":4,"_type":"table-file","sha256":"5f3d4b41cc995368399b2dc4b60362034397a4053b67eae17083aba3544fcfa0","size":189,"artifact_path":"wandb-client-artifact://b765cgvs7q7gyeejhl9dmz6m7rcrhwlhqip05u90tp8ynobf7c1m431q725rbsgyywcdaq9eh4b91qq1g2sc7f98nb2d4barb8w78f45qxtwdlliflz4ne7xpurqt2yk/val_confusion_matrix_table.table.json"},"epoch":5,"train_loss":0.5012103179031435,"train_f1":0.6756756756756757,"test_accuracy":0.8,"test_f1":0.8076923076923077,"test_auc":0.8669871794871796,"_wandb":{"runtime":41},"confusion_matrix_table":{"_latest_artifact_path":"wandb-client-artifact://r0gnyx1pf9n7q46o8ma6b7bfksj2xw3n6f5itg5k1ize0f7eehkyex2e594kugd3vl44kjyvl10eehpufpqou5nghscosg2oos8ktbsgoz3f7up0tjoeg1gnmkdhcd71:latest/confusion_matrix_table.table.json","path":"media/table/confusion_matrix_table_5_692fa2893a29e2271885.table.json","ncols":3,"nrows":4,"_type":"table-file","sha256":"692fa2893a29e22718854f1fcf0a57bcc6a5319a9f105d869878b269489d6c99","size":189,"artifact_path":"wandb-client-artifact://sbxui8p0ds86n86biyt8svwbt3j7ojj9btfuic1mezlcx5an1qvtvxynzhkiq9no9p2sa4qcelt02mrw0i5sllh27q6xdg552npzhj5bnnu2zegnxzhsn4x5kenjq2au/confusion_matrix_table.table.json"},"train_accuracy":0.7458823529411764,"_timestamp":1.741866763463552e+09,"pooling_type":"attention"}