{"test_f1":0.9602543720190779,"_timestamp":1.7453501835488102e+09,"train_accuracy":0.9469729193251099,"test_recall":0.9313801079414032,"val_accuracy":0.9058956916099773,"test_auc":0.9849637532209448,"_step":12,"_runtime":1149.015551695,"_wandb":{"runtime":1150},"train_f1":0.963526428710747,"train_auc":0.9835338813990907,"test_precision":0.9909762100082035,"epoch":12,"val_confusion_matrix_table":{"nrows":4,"_type":"table-file","sha256":"b7eef12ed788e7d69c1c3d2df3d9b45eddffa5dbdc200d96ca9c6056916ba36f","size":193,"artifact_path":"wandb-client-artifact://jxm5s188oh2lc8cjj3msgt32j76ip7sqmmdrvt27mdss8ef2q5lt0xz8ycarjb8p2y50pdi0xe3aku1ohymt5kpye5yuupwtaw4kwjs8inc31xtdgt4uboc2qtepftvb/val_confusion_matrix_table.table.json","_latest_artifact_path":"wandb-client-artifact://newneb9scoxxhttmjkfam19dz35ypi3djry1ff6z0b3q7hhyxwbuhk0syk90mu9fsuapwwwgzoyb9s8qyxqwwzue7ruve1m9rbss6kjdcegmgaqenijgkdsb23vzjxa5:latest/val_confusion_matrix_table.table.json","path":"media/table/val_confusion_matrix_table_11_b7eef12ed788e7d69c1c.table.json","ncols":3},"val_auc":0.9895762085408155,"val_f1":0.9389705882352941,"train_loss":0.17287807629411617,"val_loss":0.33914845238178287,"test_accuracy":0.9442586399108138,"confusion_matrix_table":{"ncols":3,"nrows":4,"_type":"table-file","sha256":"88afdebc705cd79e757bbba1e1330dc47f4433ca81757d24d6a0e734c99a67d8","size":193,"artifact_path":"wandb-client-artifact://cdg58x2nx4xz6ugs0dxxn0v319fe898nr4bqta91kpjqcut54txl5cdwg2judmd015o7hbv03wayf3v3h8ywt4fbjcnj67rfcqkzf5meyf9jdcqtt99je5b9kioakfor/confusion_matrix_table.table.json","_latest_artifact_path":"wandb-client-artifact://p3oqtgqio6xysfq1ys0objdgs818jhrbxapuw2d6lifdcc4rv4r6qndh3cp8eo0kgooamudsq7axw1hxcwzv8fd4fpvn4n11yupsl7w9uwvr95126jrc65z5myingtk5:latest/confusion_matrix_table.table.json","path":"media/table/confusion_matrix_table_12_88afdebc705cd79e757b.table.json"},"pooling_type":"attention"}