{"_wandb":{"runtime":1083},"confusion_matrix_table":{"sha256":"fcc2985a48acf2a249c44d365af5cb4f2cbb3c6e2364431cda40d2aeb6e25cfb","size":193,"artifact_path":"wandb-client-artifact://yxqe1v9krik2r6mr3ubjv5hve1xy0txdsd98kma4391vrx0inmcji5ygej5taa2iyzpitkzq0dj6avmf4gpgh779drzmo954ezfa96q9zf5dzd23e6zv5qkh9xnl2czo/confusion_matrix_table.table.json","_latest_artifact_path":"wandb-client-artifact://27w4xrgkt1vd6ywe5obr34msu59bysgplv19ljs43bnwdqee0of0423q8w6s39kl43p7e9psg4068re0piv8o9wkecn0vqr3b79o22ch0g53yn0xmu89q4hfhqi17q0m:latest/confusion_matrix_table.table.json","path":"media/table/confusion_matrix_table_11_fcc2985a48acf2a249c4.table.json","ncols":3,"nrows":4,"_type":"table-file"},"val_confusion_matrix_table":{"_type":"table-file","sha256":"45c1f9a26db49d70e771510138fb8aa88880220d99b8ab7c6ffa3ccc64004d25","size":193,"artifact_path":"wandb-client-artifact://83t8bbfszvv0vpt2nwrhjf6xnnn71g1cg2n2c0xvxzs2rswowumzom41402n9elr0p45d7xvec1qnho3kocjx90ysn75djqsp5keuyxgzfoyyl2d8dwkfod8k3x0jdh7/val_confusion_matrix_table.table.json","_latest_artifact_path":"wandb-client-artifact://11i2b2ywthou2i3kdlcl105xldkircz8d33dicopuz5xilt26ublk03py2ws9vfrhnnmn5wj3wvln6sav4djh3zbxoey3q8ob1befhifl6z0yjwzm9je5dfzeplnckxu:latest/val_confusion_matrix_table.table.json","path":"media/table/val_confusion_matrix_table_10_45c1f9a26db49d70e771.table.json","ncols":3,"nrows":4},"train_accuracy":0.9695165177938466,"test_f1":0.9648637978681406,"train_loss":0.08066726167148605,"test_auc":0.9885674881982722,"val_auc":0.9856575388089649,"train_f1":0.9789731051344743,"_timestamp":1.7453624364806159e+09,"val_f1":0.9622937941869599,"epoch":11,"test_precision":0.988673139158576,"test_recall":0.9421742482652274,"val_accuracy":0.9455782312925171,"test_accuracy":0.9503901895206243,"train_auc":0.9944312989182849,"_runtime":1080.655338521,"_step":11,"pooling_type":"attention","val_loss":0.15209860558557037}