{"train_f1":0.789308176100629,"_step":37,"val_f1":0.7096774193548387,"val_confusion_matrix_table":{"sha256":"2ac89fb7abc8ae5080bb51bd236f54a95bcddbfb119c07fa52388ef836f802d6","size":190,"artifact_path":"wandb-client-artifact://07euairx0prlp1ypmv9mghgzhrrfpasds3pkl1fhaxobcsqehbqalbwadrg18j7jhe6bczi1zl6idq08mm30hnj134wo457yssvjls5vpk307wb98tdzygcknqgiuwwf/val_confusion_matrix_table.table.json","_latest_artifact_path":"wandb-client-artifact://sjrrczoswx0kmkclbrmd0i9gp45en2ffyaik1tj0p5tmgwidwaliy342wquv3kybw0ndqmv3aftkm42uwzf6lhfs2530f1coc7vlbru7bu87mc8gaj91kcndv6vbge4i:latest/val_confusion_matrix_table.table.json","path":"media/table/val_confusion_matrix_table_36_2ac89fb7abc8ae5080bb.table.json","ncols":3,"nrows":4,"_type":"table-file"},"val_auc":0.8316453079785034,"pooling_type":"mean","train_auc":0.9023774030550018,"epoch":37,"val_accuracy":0.73,"test_precision":0.8615384615384616,"_runtime":253.239883955,"confusion_matrix_table":{"artifact_path":"wandb-client-artifact://bee4uabtkdpl95nwoncmb2wj7yyy7raj342taq7qsvw5mhxxi8galnodjcjz1lt52ylos8dah9ozhhra50rqwrd7movge4udvfqzm9198jgtopemov3p69up52lpg5iq/confusion_matrix_table.table.json","_latest_artifact_path":"wandb-client-artifact://l44prmy3j6wnlvg8r8tmr0l023zy7x4snwkxkm94k4hd6ks0vzjojgtvkpkossecic9g9wcifyqrlzn8dz7k6ybfukjqh4w1l6pxplh3i5zd09specjjzdq4ysv6vbvn:latest/confusion_matrix_table.table.json","path":"media/table/confusion_matrix_table_37_6399b41b59ecfcce65b9.table.json","ncols":3,"nrows":4,"_type":"table-file","sha256":"6399b41b59ecfcce65b95e6495450c7d5b64a081c52dd4952a254be70131953b","size":189},"_wandb":{"runtime":253},"test_f1":0.8175182481751825,"test_auc":0.9116809116809117,"train_accuracy":0.8325,"_timestamp":1.7452542551333475e+09,"test_recall":0.7777777777777778,"train_loss":0.38976039132976437,"val_loss":0.5879526469577104,"test_accuracy":0.8333333333333334}