{"val_auc":0.7161016949152543,"val_confusion_matrix_table":{"nrows":4,"_type":"table-file","sha256":"df0df96e7f5ba515f6bf7b2ccc77dc60cb445f7d8f2e0374be3507a324c0779b","size":190,"artifact_path":"wandb-client-artifact://a891lw7d7clxghliiu8a367nciu2c82m2pok0sdxa2ma92awpd6xpfy0d45pfahrzt017r1yob4dvk5o9plr4wqvwj59wm3p343bpb54691tvduxdjgzp8se5ljduj5n/val_confusion_matrix_table.table.json","_latest_artifact_path":"wandb-client-artifact://t097fzt54xylcej52izunwxapb3vp84a2qkz3s5kmdkxqzvzzmj8w18d6a5k56mhi8erhojezm8pglmbowscz6wj40m6csoricqg0787itjch9c6xz7fv0h5t9ohf6iw:latest/val_confusion_matrix_table.table.json","path":"media/table/val_confusion_matrix_table_0_df0df96e7f5ba515f6bf.table.json","ncols":3},"_timestamp":1.7410840093199437e+09,"_runtime":22.523421254,"train_accuracy":0.61,"val_accuracy":0.615,"val_recall":0.12195121951219512,"val_loss":0.6283223952353001,"epoch":1,"train_loss":0.6686127122025937,"_step":0,"_wandb":{"runtime":23},"val_f1":0.20618556701030927,"val_precision":0.6666666666666666}