{"train_loss":0.2737264723967212,"train_auc":0.9778350467250764,"train_accuracy":0.9359137955479938,"confusion_matrix_table":{"_type":"table-file","sha256":"dd27249006cc3f639a5f70fb5a4074702d5a963b7c53a9b909061038275723ad","size":193,"artifact_path":"wandb-client-artifact://bjswu4sewifdtj2tnmmqm1f2ts0q8s7gxo1kx3ijnkd1a0jlwntxfpto3vt6qmuoi65n0s3aihtq7if66poste3999z4o92h6m2z50u97pn4ti9j32p2kj5sw76nofz5/confusion_matrix_table.table.json","_latest_artifact_path":"wandb-client-artifact://ykzfaxicz5gqk3iunpdy2danlahmkfr0jv0b8bieax2e1fq3cc049925d5wqh9f4p89r1ztubmczoigc0wj1aj0szc5diixano71jauntnknf3c1va1asfb6kmt84bwk:latest/confusion_matrix_table.table.json","path":"media/table/confusion_matrix_table_7_dd27249006cc3f639a5f.table.json","ncols":3,"nrows":4},"val_accuracy":0.8922902494331065,"_timestamp":1.7453377881483276e+09,"val_loss":0.6499991723632262,"val_f1":0.9310595065312046,"test_recall":0.9336931380107941,"test_f1":0.9595879556259905,"train_f1":0.9559968847352025,"val_confusion_matrix_table":{"_latest_artifact_path":"wandb-client-artifact://a59sa7lsx2kgc2yfknt9syuzvfskt2mq4w8o3c3cn4jtxu8r6gzunq12x87tnp9iz9hnkx0u9ul4y4qcf3gddoqeeigkzukzatqzxcqqfxg5t8ksb4djimfss2a2fxyg:latest/val_confusion_matrix_table.table.json","path":"media/table/val_confusion_matrix_table_6_335b834669014910f0e3.table.json","ncols":3,"nrows":4,"_type":"table-file","sha256":"335b834669014910f0e3859366948eeba62ce42d3944bfd4591f1a6d1464fa3c","size":193,"artifact_path":"wandb-client-artifact://tag8p2hjc33igieigiix2zj1ku2epqzrbtbziw4uwqgi1ligkszycmx65nwhdxfrqyokcdvqc21aroepu4c5xtiynzm2az238z0mnos49xpzjpu4bp3otq8vq78ygf1i/val_confusion_matrix_table.table.json"},"epoch":7,"pooling_type":"attention","_wandb":{"runtime":811},"_step":7,"test_auc":0.9812568549306635,"_runtime":810.373388562,"test_precision":0.986960065199674,"test_accuracy":0.9431438127090301,"val_auc":0.9835089315451289}