{"test_accuracy":0.8695652173913043,"_wandb":{"runtime":1092},"val_f1":0.9328214971209213,"confusion_matrix_table":{"nrows":4,"_type":"table-file","sha256":"50db006ddb6f02b9ffcddce3a67ac87a67d2fac3e84d684bfaac4aa7a2af2142","size":194,"artifact_path":"wandb-client-artifact://d1gwkcv52tqh2cx81yw6u1qqyxbfg5gwjdzrvpu0bdi73rnyj4l3uxgel9kd7albf8nbuvmgn893qgl96y0uw12y7kpd9owglz139vm90h8y62ewvido8j6px2k0briv/confusion_matrix_table.table.json","_latest_artifact_path":"wandb-client-artifact://wobyblz0vg09si4bctcjszrsvnc7t9qgk3gqau1yo9oz6jhb33yjvysfza7wyokhzodbnmunueh8t5l6gsatezz4aui05gv5cpc7cf4sxwazeb1dqjs6jnbzwnxij1th:latest/confusion_matrix_table.table.json","path":"media/table/confusion_matrix_table_15_50db006ddb6f02b9ffcd.table.json","ncols":3},"test_auc":0.9577666461374261,"val_accuracy":0.9007936507936508,"_step":15,"train_loss":0.24459542425368333,"val_confusion_matrix_table":{"ncols":3,"nrows":4,"_type":"table-file","sha256":"69bc207a3a89ac7fe0578ce31b4961c63742564490805964c07b16b219ed5cc7","size":194,"artifact_path":"wandb-client-artifact://o42pfogudspfhrakp5h7k7t416xfm89al4m6x8wncq1y6rff0gj0gafjdacb4l1mgu7fcvlgysvnwqvq66fdphlbwmwznxdsar108ycfozux6nmnbvu9icy7rzre2y0g/val_confusion_matrix_table.table.json","_latest_artifact_path":"wandb-client-artifact://aynaqa2k5qtny7kg4v330di9qeraqjhqbova4ungtavlkkktahfxa34v17bvl8yosul8pgqkvsdten20xrpxhkq9jxgvvpj0gdhpb8toquzomkvoxk1388yum9s8vncx:latest/val_confusion_matrix_table.table.json","path":"media/table/val_confusion_matrix_table_14_69bc207a3a89ac7fe057.table.json"},"_timestamp":1.7419540689076242e+09,"val_loss":0.2380413299978462,"train_accuracy":0.8987664823479371,"_runtime":1089.335866051,"train_auc":0.9580980507817878,"test_f1":0.9028239202657807,"epoch":15,"train_f1":0.9302052785923753,"test_recall":0.8380878951426368,"val_auc":0.9604428811645531,"test_precision":0.9783978397839784,"pooling_type":"mean"}