{"train_accuracy":0.85875,"pooling_type":"attention","train_auc":0.9289779877257855,"val_f1":0.7865168539325843,"val_accuracy":0.81,"_timestamp":1.7452514971161802e+09,"confusion_matrix_table":{"sha256":"48aa8064a797010185410acc534f43fa810b80335f3961c9c41942caf82000b5","size":189,"artifact_path":"wandb-client-artifact://8cvygpr20ibjvlmz8kykxhjya3x2oi3y2igah5xpujyh5x3v8gpesyr3d461ijdxumeriawrv7h5nvdaq8kc8ul4qw0yr3qha1ou0541u5qrhzrs9vl7yayhlvne3xse/confusion_matrix_table.table.json","_latest_artifact_path":"wandb-client-artifact://oblrh1rms01jyssk7uyfl7cra2fedecsc4mh87ww1mxlclvd63th1bzi2w1biucmsyhmo3gbiubtnk1a7pdcanwcy6glb51cie3d0j4yyhi83edblqo4qk1cyaevbqmw:latest/confusion_matrix_table.table.json","path":"media/table/confusion_matrix_table_40_48aa8064a79701018541.table.json","ncols":3,"nrows":4,"_type":"table-file"},"train_loss":0.32824099125475187,"val_loss":0.4955515993869631,"test_accuracy":0.8133333333333334,"test_recall":0.6805555555555556,"test_precision":0.9074074074074074,"val_confusion_matrix_table":{"nrows":4,"_type":"table-file","sha256":"6f5628d657fc5d72d3880082c0d76bd23354d257592107f42c468780ba3f9c20","size":190,"artifact_path":"wandb-client-artifact://cj7f97tonfz6eh7jtgo6soyz8ji3jvzatu2s3hgw9t61fdw2nz8wjqzilm32lw8nfnhghbev80w5kntl84mccsg3r9y41ai0qjb9lu0vjm6wfun51diya34gsuutn5i3/val_confusion_matrix_table.table.json","_latest_artifact_path":"wandb-client-artifact://5b953mbp6hznbos2zlbmc6t0b0tqbzdg2vyyo0lx7t802fvwa6m5sr2n7thkiubw2tl2jjloguvhcio1hzwjfoe3wj5pre1oz51qq0j63dofcw5fskg8jjht47j2casp:latest/val_confusion_matrix_table.table.json","path":"media/table/val_confusion_matrix_table_39_6f5628d657fc5d72d388.table.json","ncols":3},"_step":40,"epoch":40,"test_auc":0.8871082621082622,"test_f1":0.7777777777777778,"val_auc":0.8697809011988424,"_runtime":419.221410825,"train_f1":0.8214849921011058,"_wandb":{"runtime":420}}