{"_runtime":333.001665718,"test_f1":0.8309859154929577,"train_f1":0.7484276729559748,"_wandb":{"runtime":334},"val_accuracy":0.695,"val_loss":0.6586194733418234,"test_auc":0.8730413105413105,"train_accuracy":0.8,"val_f1":0.6903553299492385,"pooling_type":"attention","_timestamp":1.7452467737755084e+09,"_step":13,"confusion_matrix_table":{"path":"media/table/confusion_matrix_table_13_45ceb0ab79e5edd57398.table.json","ncols":3,"nrows":4,"_type":"table-file","sha256":"45ceb0ab79e5edd573984d3356198cfdd6503655ce078ec17240a5cfe22fee2c","size":190,"artifact_path":"wandb-client-artifact://jz0j2eolska5ecdl4jyky58ut298xrjerqtplzry8zl0xddvtqxzuz9dbljkmzm2k1ce57e447t4kgjea2c8x32jl7kefje0likkl0q2xv8xbthg904p1ps7b3ikihi6/confusion_matrix_table.table.json","_latest_artifact_path":"wandb-client-artifact://pfaf1ovphqkwuur2ofrs94movl93y4eor9b9wxte0ky824t0kksnmxa75vrx7bif9wq1ujlcs49a54p0kyjrqm5pkoktygof3yyv74a8uqrgdl575h9plwdmon231scs:latest/confusion_matrix_table.table.json"},"train_auc":0.8526674797849754,"epoch":13,"test_precision":0.8428571428571429,"test_recall":0.8194444444444444,"val_confusion_matrix_table":{"artifact_path":"wandb-client-artifact://8onz3hofxhsjkgp6tqaea03yvvq4jkttqebrbgjxljhcv0dv6fb36q7hvtkew5xe1qc1wvbst1evr82urkl3gr58xcprquidugljz25uwz01cnflstb3hjhyq5r9buk0/val_confusion_matrix_table.table.json","_latest_artifact_path":"wandb-client-artifact://udxz83mlsswke8h8jchheqyegh4efzzqhvhskbw47i5btg4mlnq8w32dlidpm1e7lzf16jcvppjpj6wpcnhze7ybx5l3mitle1lu83xn9i83ns4wg7pb9d6ofu0a67it:latest/val_confusion_matrix_table.table.json","path":"media/table/val_confusion_matrix_table_12_0cf73c43ee9e1e355378.table.json","ncols":3,"nrows":4,"_type":"table-file","sha256":"0cf73c43ee9e1e3553783106220142019e46046b43351dec93448230e2d4968c","size":190},"test_accuracy":0.84,"train_loss":0.47777217469672906,"val_auc":0.8163497312939232}