{"val_accuracy":0.675,"_timestamp":1.741029164081599e+09,"confusion_matrix_table":{"path":"media/table/confusion_matrix_table_10_d1aed7b65a51443945de.table.json","ncols":3,"nrows":4,"_type":"table-file","sha256":"d1aed7b65a51443945de1c0a3bef3001e7a6555520c61cd4b7a8e1ff95ebbb03","size":189,"artifact_path":"wandb-client-artifact://d72b31cy0inr4ez08i675p4gct8ohw7ojonn7n25kfbpscn5ncfyy3an19d8imit3z09verytaa3yycpdway4coql5yoq2fvwm43t5ch4fa6nx9t7ltxv2ttw3dzfq93/confusion_matrix_table.table.json","_latest_artifact_path":"wandb-client-artifact://2vckn4r9cpiu45g6wh5lphy5sgdg33kmv36t26t2z0bsn89jzkxqj8kl917kv820mmazjt596525oiarx3po5d1uoqyi217lu93fgwlwueplr45ygu4jltqdsm5ydvxe:latest/confusion_matrix_table.table.json"},"_wandb":{"runtime":59},"train_accuracy":0.7925,"_runtime":59.654561823,"epoch":10,"test_accuracy":0.8066666666666666,"train_loss":0.4643869359145174,"_step":10,"val_loss":0.6836361776199191,"test_auc":0.8796296296296297}