{"test_recall":0.8055555555555556,"_timestamp":1.7452488276983073e+09,"train_loss":0.4192735765683301,"train_accuracy":0.80875,"pooling_type":"attention","test_f1":0.8169014084507042,"val_loss":0.8186684392625466,"val_auc":0.7888590326581232,"_wandb":{"runtime":228},"_runtime":228.421796817,"epoch":22,"test_precision":0.8285714285714286,"train_f1":0.7598116169544741,"val_confusion_matrix_table":{"path":"media/table/val_confusion_matrix_table_21_26a1cea54c8e93d7b3b5.table.json","ncols":3,"nrows":4,"_type":"table-file","sha256":"26a1cea54c8e93d7b3b5913118573ce82648982c2e7868b1d3252ea7028fb891","size":190,"artifact_path":"wandb-client-artifact://j6kvw7oues10ijvik1lxtppffv10kd3s0yua1kknjyob9qhzgwui62hlnpwnq0y5gs4vd6numpsy0wk57fkc3zaqfd6rbfxor2l4xk8yvxfze251ud7xhyvi020z89ey/val_confusion_matrix_table.table.json","_latest_artifact_path":"wandb-client-artifact://ig8h5747urf2ndo3yhzuelctb3zmpdo2q9ajv1x1t9l1alj2gyyimu2n28nxnj9lw3br7fvt504irdtbkdw95nmhxjljv3y5sv97zea1o0ubtpnwbfwnq3vfo8sjfqmx:latest/val_confusion_matrix_table.table.json"},"val_f1":0.45217391304347826,"test_accuracy":0.8266666666666667,"_step":22,"train_auc":0.8857891442252467,"val_accuracy":0.685,"test_auc":0.8840811965811967,"confusion_matrix_table":{"ncols":3,"nrows":4,"_type":"table-file","sha256":"8d8ad14405cf2ece3b94411c5f5187606a59955c9c8803881ebff947fb50d527","size":190,"artifact_path":"wandb-client-artifact://7mke2h3803vi1ah35gfhrnhply9jefwnadjwksj6j9zlqj0xek7cp6s2r35jqotj3k146g42d77iyk1jdftutpm1hd9j2s9usxqbozj9gmtiehx10uzqfq77044s76h0/confusion_matrix_table.table.json","_latest_artifact_path":"wandb-client-artifact://l059957lm5uf2mutph9sz49phmobef04w0nvu6qkm6fb2cq09w2bcux0aro68487q74i80v8pa5gmufqw9k6cish8eegsjuabz92pr7dl1pgg38y6e77cxvo8srk23u0:latest/confusion_matrix_table.table.json","path":"media/table/confusion_matrix_table_22_8d8ad14405cf2ece3b94.table.json"}}