{"val_accuracy":0.725,"pooling_type":"max","val_confusion_matrix_table":{"_type":"table-file","sha256":"4679e7059fb60fce491f7bf2ff7a58e4ad5947a52bbcbe09d7e55d52c327c495","size":190,"artifact_path":"wandb-client-artifact://htfekg3xhxog76xo7izya7zwgujq27h00bb18dr5qxuft6jrdx40suvwwcl5c0l9gnjy4f3267591str5vxqzz0ytvkcna8jcxo4pko9h52h94tsskshkdw3wu8r4c9f/val_confusion_matrix_table.table.json","_latest_artifact_path":"wandb-client-artifact://25ukqt5uhofawbhbddnqzgxv3fczs6l1x1wauiton2hnhfnxeh1ixmimgq4sbri3wyvjajiqrah5othyhj71rca6egww7yzsb0o3u8g1lnlfi4e22tarwpzyxjab2fxn:latest/val_confusion_matrix_table.table.json","path":"media/table/val_confusion_matrix_table_13_4679e7059fb60fce491f.table.json","ncols":3,"nrows":4},"train_accuracy":0.81625,"test_accuracy":0.7866666666666666,"_runtime":249.643480817,"test_f1":0.8024691358024691,"_step":14,"val_f1":0.56,"test_auc":0.8595085470085471,"_timestamp":1.7452626747926943e+09,"val_auc":0.8325754443985118,"confusion_matrix_table":{"_latest_artifact_path":"wandb-client-artifact://yssbce2hvsxu02iy6djmbzmqe5mlo70dgjjxz529uxyt68shlrj7yq5169m0s9sfz61ow56lchvftcthi6bkonrzg78yh990y25pr147lhh49ug3tvyx5uhss05js635:latest/confusion_matrix_table.table.json","path":"media/table/confusion_matrix_table_14_46796d056f6194b88653.table.json","ncols":3,"nrows":4,"_type":"table-file","sha256":"46796d056f6194b88653710fbb5864df919c86c01c2d76d153eeb6eaa814b401","size":189,"artifact_path":"wandb-client-artifact://oyo7ef9fpp4feu27w7epb0l049n7uwbsov74c8yr83ca8fkygc59sh43w88nqufrej8whfwvud5owcusqdq6ciadt2k5hvr5wjcgg4yx3f7h78nbus2ph6rd7rkxvvuk/confusion_matrix_table.table.json"},"test_precision":0.7222222222222222,"train_f1":0.7655502392344498,"train_auc":0.89941210255616,"epoch":14,"test_recall":0.9027777777777778,"_wandb":{"runtime":249},"val_loss":0.5299983563274145,"train_loss":0.3960488137967332}