{"val_confusion_matrix_table":{"size":190,"artifact_path":"wandb-client-artifact://okdzj47iaun3xa8nd843j6xcrkz3isgiuwzlf4xa3bghpcjeu73gomgtxypyqgu47u88dsunl2r5zhxlabzhznnv32nn2levv9603bhy35miwgd6vetpzfyl0mvcbw4a/val_confusion_matrix_table.table.json","_latest_artifact_path":"wandb-client-artifact://cuscbnyhktv1tzw2inhw1fb3k08qox6bzk2g1s0i8siffukyw3ndljfjkh68cvdqxe1pk2l21ob0fnl5c718ytw3nc5xligjm2a3vb62mmidue9ok04h2w641u9av4pl:latest/val_confusion_matrix_table.table.json","path":"media/table/val_confusion_matrix_table_4_845a2c5695de29215735.table.json","ncols":3,"nrows":4,"_type":"table-file","sha256":"845a2c5695de292157353395c3e9d7fc163174415c6553218df1fd1633b7d8f3"},"_wandb":{"runtime":47},"test_auc":0.8500712250712251,"train_auc":0.8142254173601222,"confusion_matrix_table":{"nrows":4,"_type":"table-file","sha256":"32d80ba613dc581c9c508af01352103473c45679aa5fa3699cf30ea98f2983aa","size":190,"artifact_path":"wandb-client-artifact://jw6x0r3ck1fs0db71dl8re38lq8f7fg0o84u4c7de6xjh0iij4wa0q9avxc5m347otn7uu89pn13lgcyovmf402adxvomgp69x503djhmsvlm0h8hda906hwol76l2wl/confusion_matrix_table.table.json","_latest_artifact_path":"wandb-client-artifact://fvxzxddpnko0iu92hqav0nmzdb29cjbc27gs02tw2r2k57gphx5l4fx6oic2cm78reqgfnv2f7zwep0hqywd1i3bnuqwgohjiri7g3xn66hyta72ui138jxq7rxf23oq:latest/confusion_matrix_table.table.json","path":"media/table/confusion_matrix_table_5_32d80ba613dc581c9c50.table.json","ncols":3},"train_accuracy":0.74,"epoch":5,"_runtime":47.28911449,"val_loss":0.5185532888149221,"test_precision":0.7439024390243902,"_step":5,"pooling_type":"attention","_timestamp":1.7418662421731844e+09,"val_accuracy":0.7666666666666667,"train_f1":0.6605222734254992,"val_f1":0.7368421052631579,"train_loss":0.5176476128832164,"test_recall":0.8472222222222222,"val_auc":0.8304618768328446,"test_accuracy":0.7866666666666666,"test_f1":0.7922077922077922}