{"epoch":16,"test_recall":0.8472222222222222,"val_auc":0.8689516129032258,"test_precision":0.7922077922077922,"train_loss":0.46811174847774534,"_timestamp":1.7411013704596086e+09,"train_accuracy":0.7752941176470588,"val_accuracy":0.7333333333333333,"test_f1":0.8187919463087249,"_runtime":112.635632968,"confusion_matrix_table":{"nrows":4,"_type":"table-file","sha256":"364565d1e7f3ae5d4d986e7870735920047bb97cca746a756aa1fd5e8cc5d602","size":190,"artifact_path":"wandb-client-artifact://pshjcnunfi0wwkwe5583i1dg6jzgp8zqd6xfrkg43c1sswgwppjnti5n4mu7m5ka6ys3lc9ltbct0ct6v3nazftahgff5xs6kwvvdy69ovaty979kpj7se0f3kbo9ah1/confusion_matrix_table.table.json","_latest_artifact_path":"wandb-client-artifact://apbqdgjr3mh18a8el6401bzxu6d8clx5c4kww2elbcikzyj36urdaffkncd4f6t21dn6wtu37fm3vw8c5fo9nnsbbswb393yja566zdokshacaxrli8vimxj2fxuh67t:latest/confusion_matrix_table.table.json","path":"media/table/confusion_matrix_table_16_364565d1e7f3ae5d4d98.table.json","ncols":3},"val_f1":0.5833333333333334,"_wandb":{"runtime":112},"val_recall":0.45161290322580644,"val_loss":0.49049879221866527,"val_confusion_matrix_table":{"size":189,"artifact_path":"wandb-client-artifact://7q4l8zf0vh81p222eiv1yoe6i6ekqdkxquaygl7s5i9n1gvpv1p4ha232yu4o7v9e0d9gw0g7updlz1flm2tzbguoeo4exsmahv53k6grveybb6s9bjixfemliy9lubh/val_confusion_matrix_table.table.json","_latest_artifact_path":"wandb-client-artifact://4j5seoyvpb70dylzvukoucpvk1fotkmqv22s2pc25usok2jg9x9xs8tck2q5by3qhk3dx3wczt9awieqkrdtrmwz7wuq2iq645phwmff4dp3fwiiu5al16mrl7z5mqjy:latest/val_confusion_matrix_table.table.json","path":"media/table/val_confusion_matrix_table_15_6fa72d2d5b5111f3e2c1.table.json","ncols":3,"nrows":4,"_type":"table-file","sha256":"6fa72d2d5b5111f3e2c19d544414772bd6638312e5dbbb7b26ef4efed30b3001"},"test_auc":0.8750000000000001,"val_precision":0.8235294117647058,"test_accuracy":0.82,"_step":16}