{"pooling_type":"mean","test_precision":0.9786839666357738,"val_f1":0.9175542406311638,"_wandb":{"runtime":908},"val_confusion_matrix_table":{"path":"media/table/val_confusion_matrix_table_9_d781c3c4eb6a975b0c69.table.json","ncols":3,"nrows":4,"_type":"table-file","sha256":"d781c3c4eb6a975b0c696fed29f0543ff9b7cc81a210c264bf182fd865a194c2","size":194,"artifact_path":"wandb-client-artifact://0yeaoegveiw787zh5as9b7dk9ug2vbjg0gvhmq56nwd2mwhknby5ljg5whivbbx1a6e1itaq7bjfkx2ar8gkba1t1blcjatac4g62hepdlwnoaa6fwyrm2hjr74mt8q2/val_confusion_matrix_table.table.json","_latest_artifact_path":"wandb-client-artifact://0tbqytzgrpyzmh2ueefcr4htdict0uaiz1etl29e7iuu0y3ppcbx4l181hrsxu715fw0krp0yj07sa3mvqpndeqykafl8fph4mxqjq481wqfcwq3424afcq4xwtf4eqy:latest/val_confusion_matrix_table.table.json"},"test_accuracy":0.8528428093645485,"val_loss":0.29849745086586005,"train_accuracy":0.8973486459662555,"train_auc":0.9584138789102856,"train_f1":0.9292554230994724,"train_loss":0.23407050259843235,"epoch":10,"val_auc":0.9449550376513977,"_step":10,"test_auc":0.9496221740621059,"_runtime":908.626704361,"val_accuracy":0.8815192743764172,"test_f1":0.8888888888888888,"confusion_matrix_table":{"_latest_artifact_path":"wandb-client-artifact://fwrcdejr8vro2qobz3867l4m61322rjwsf7o1kjee4l19k5v1xcbxxaniih9ltx7p91kb6glmdbkcg2ywwe9qp55lxpqdf5mn0nisqwnmws7hx5u8ue47qhx9q5yjdlj:latest/confusion_matrix_table.table.json","path":"media/table/confusion_matrix_table_10_6805c5c0adf326afd42b.table.json","ncols":3,"nrows":4,"_type":"table-file","sha256":"6805c5c0adf326afd42bec1b3b5ebb6df92ddbe10a5893e9134a77296429ba28","size":194,"artifact_path":"wandb-client-artifact://xmnfeafil5h3cp3vu17o5wxzbynk1l271t6b35etwsc3cl18ydr6lcu5lfjqodqcju3oi684i05cjxnp45rrazqu4mnimnk174r1ic1588y4euojyqjcoajtlmdnj4p1/confusion_matrix_table.table.json"},"_timestamp":1.7453747565727077e+09,"test_recall":0.8141865844255975}