{"test_accuracy":0.9559643255295429,"_runtime":1591.871131054,"train_f1":0.9619316522247103,"epoch":15,"test_precision":0.9872,"test_recall":0.9514263685427911,"train_accuracy":0.9445625974762513,"_step":15,"train_loss":0.17756094689085808,"test_f1":0.9689831173930114,"test_auc":0.9892291295963911,"val_loss":0.2305320097345588,"_wandb":{"runtime":1593},"val_confusion_matrix_table":{"artifact_path":"wandb-client-artifact://zgg0v4jp5hnfpae6v9o8uxa05jy609zovjbsai0gkrkszkgs5fwbodmkqniqu2aguv4fgzrlfmrry6rvrwszg573xs6h8edpcknjuy088i14tb9kuhtfxt45yukhvuql/val_confusion_matrix_table.table.json","_latest_artifact_path":"wandb-client-artifact://7u34htfjqqru1ohoslz0vlrl8pgrveo9t4e3mdi1p01pgpifbnv8ifi2040pacn4olfhfwisfvd10qxn5jr863o4ywxmk8yyn95p6qe572rouadgtld0httj3kof074o:latest/val_confusion_matrix_table.table.json","path":"media/table/val_confusion_matrix_table_14_dd7dd09d7c1f7e64329b.table.json","ncols":3,"nrows":4,"_type":"table-file","sha256":"dd7dd09d7c1f7e64329b9d595d8dd2aa688f65eb303b9a65099b0aee142f5216","size":194},"val_accuracy":0.9251700680272109,"pooling_type":"attention","_timestamp":1.7453535314743495e+09,"val_auc":0.9886420314695824,"confusion_matrix_table":{"_type":"table-file","sha256":"efa0086e9d80ca7cdfc8fa087dbc3de02415e6467fd16b64e96784fb3f1ccc56","size":193,"artifact_path":"wandb-client-artifact://z4qmcodolz1q3ek244ddyf5clsk3m7f3g5tvhja36zgoz27amea2xors1nkjj2ofmqpm69dj687yw8b3e8q11gb28lahxad2rtcxoplqtdot2mnhiukcaalrk1r5ib8r/confusion_matrix_table.table.json","_latest_artifact_path":"wandb-client-artifact://n3fh9myarxwu6tc20p4kqazwklwbwa0srczzxrpie8iw681ir4i6yilx1us04ix2oia7kmxdxwlcz08ldg24n2kpojmkl0ygnbq3h0emww6apc6jig44fpadxdrwzw9b:latest/confusion_matrix_table.table.json","path":"media/table/confusion_matrix_table_15_efa0086e9d80ca7cdfc8.table.json","ncols":3,"nrows":4},"train_auc":0.9846587236375267,"val_f1":0.9504504504504504}