{"_wandb":{"runtime":56},"val_loss":0.5644837142177858,"_step":9,"train_loss":0.4727440797974123,"_timestamp":1.7406541111875348e+09,"train_accuracy":0.79125,"val_accuracy":0.745,"_runtime":56.204876636,"epoch":10}