{"train_loss":0.3021381509780622,"confusion_matrix_table":{"nrows":4,"_type":"table-file","sha256":"c890045ea11cce0f1693c7ecd39e29076fd6d2bbfbc6633f7413b210d4e21f0f","size":190,"artifact_path":"wandb-client-artifact://utp6ajoavgcbi1jkmwzgxcwlkzcsescqsapugrcb1uz7ot03t6h97pxkjpg7xsm5luquupgmhybbre52mcpm1etxzwe20i5e713pqjx7xjn2pa7xqz3gie91axg253im/confusion_matrix_table.table.json","_latest_artifact_path":"wandb-client-artifact://302lnhurvjq9d9c3emrrsr60g9fc32z1vwsanky6lgtnthlznmv4caskmkc4elrj2xq3ruva6iyozwbnrkjrliul515ifydul2zbhxgady7z9if35d32icy12vyw3s3p:latest/confusion_matrix_table.table.json","path":"media/table/confusion_matrix_table_44_c890045ea11cce0f1693.table.json","ncols":3},"test_recall":0.7638888888888888,"val_accuracy":0.765,"val_f1":0.7116564417177914,"val_loss":0.5451821222872241,"epoch":44,"val_auc":0.8360892930963209,"train_auc":0.9424847862983112,"test_accuracy":0.82,"train_f1":0.8558139534883721,"test_auc":0.8995726495726497,"_runtime":472.580260334,"_wandb":{"runtime":473},"_step":44,"test_f1":0.8029197080291971,"train_accuracy":0.88375,"val_confusion_matrix_table":{"sha256":"48920bdb130d4baefe9ff24b64a10c327309bd1937daa02b3357620a60138362","size":190,"artifact_path":"wandb-client-artifact://ejbq7oakewhvj9lpag839hegcfavqww6o24przev76aejrbcmx30vp2nbnt9k0s6kpu6y39ddhj8ulke9xybysdndiaf38c72zomtyevh4byjo61xi22p7ec6mswkmzc/val_confusion_matrix_table.table.json","_latest_artifact_path":"wandb-client-artifact://t7ae6hnstcgt5wmijr2xq74mjaymri5dvvwtrqh8w4x1qwf65s5i3kha6h2zhwc6tqqnm7s9sevlq67i4bwzptmnfg98j18aaxux458dnq2b7tpbucat80xztjtmqacc:latest/val_confusion_matrix_table.table.json","path":"media/table/val_confusion_matrix_table_43_48920bdb130d4baefe9f.table.json","ncols":3,"nrows":4,"_type":"table-file"},"_timestamp":1.745251972784744e+09,"pooling_type":"attention","test_precision":0.8461538461538461}