{"test_accuracy":0.8066666666666666,"confusion_matrix_table":{"_latest_artifact_path":"wandb-client-artifact://yk6ifotqwdc9w8xwzpgy6vm2uxyqpsqqfh9dwkh6on2cbhxwijqej1z3xo92cdj1otuedqbxc3h3220ku8bael0634v31rf3dyzjzqfogy2docdqv0bfh60021682u5y:latest/confusion_matrix_table.table.json","path":"media/table/confusion_matrix_table_10_d1aed7b65a51443945de.table.json","ncols":3,"nrows":4,"_type":"table-file","sha256":"d1aed7b65a51443945de1c0a3bef3001e7a6555520c61cd4b7a8e1ff95ebbb03","size":189,"artifact_path":"wandb-client-artifact://zppw4001qruaa4mbdyznpcoi5ew4f0zrgbxl6a5pkto3z1k603iip1y9rlezk5a3i915gyv0ieo7qxpeh54fozbn0r0on1fyawid7dniqwq47fg09lrsw3uaa40baeh0/confusion_matrix_table.table.json"},"val_confusion_matrix_table":{"_type":"table-file","sha256":"91c20816f54f9eaacb2ec922ebd8235b12cf8622b3d0ad77e4f14acd3eb5b955","size":191,"artifact_path":"wandb-client-artifact://6kih9e3dmx8qb7qwvq7j7beh62vm3xkots2thycaeqszjqsrx601gm39dc2bq8ts3diew15q0g1jxecciolegl0nxj3dzsdfod7dh8xkgwas6vmnql1bxugvcnu25cb6/val_confusion_matrix_table.table.json","_latest_artifact_path":"wandb-client-artifact://bj02bip411bdks171yy8fvyysdzzu3ykvihynk4wir5mr86crrag0yyuzlkxvj1ypoug257jgn98cceklrolxv998e8hc9nuhmzszq540qxwtga358fayqdufhf0xvb8:latest/val_confusion_matrix_table.table.json","path":"media/table/val_confusion_matrix_table_9_91c20816f54f9eaacb2e.table.json","ncols":3,"nrows":4},"epoch":10,"val_loss":0.5059049031231553,"val_accuracy":0.745,"_timestamp":1.7410811371851807e+09,"_wandb":{"runtime":74},"val_precision":0.746031746031746,"val_recall":0.573170731707317,"_runtime":74.44171933,"train_accuracy":0.785,"val_f1":0.6482758620689655,"_step":10,"test_auc":0.8796296296296297,"train_loss":0.4657139066216769,"val_auc":0.8292682926829268}