{"_runtime":23.261139201,"val_precision":0.5833333333333334,"val_confusion_matrix_table":{"nrows":4,"_type":"table-file","sha256":"3fcfa730f2c2ce657d519079f2e9b7d041296711fe311bc5ab6eee53623bd94f","size":190,"artifact_path":"wandb-client-artifact://2rg6166qg7ilmr4buo7edz75je0ky8e91ag2h1ilsgwcyliux8w807pj9adut0qefnghc9sdp1irx5hai74c2qlwazozwy3dnis0lnsc0y6lgx0fausibaqzlh2swf5d/val_confusion_matrix_table.table.json","_latest_artifact_path":"wandb-client-artifact://xzwvg12d4629xz7s6u7eoofr5basij88rugz6dkgpy1ilnnvfl53qe2f9922q65ibe6m66t5o0534g44br4wryige1qhhhmlsks4g4dpvvjmtz1uevtqmbfdytp0trtc:latest/val_confusion_matrix_table.table.json","path":"media/table/val_confusion_matrix_table_0_3fcfa730f2c2ce657d51.table.json","ncols":3},"_step":0,"val_loss":0.6164762656390667,"train_loss":0.6732617780845612,"val_recall":0.5975609756097561,"_timestamp":1.7410839403195927e+09,"train_accuracy":0.5975,"epoch":1,"val_f1":0.5903614457831325,"val_auc":0.7110376188507649,"val_accuracy":0.66,"_wandb":{"runtime":24}}