{"val_auc":0.8196568830095081,"_timestamp":1.7417676915434928e+09,"_wandb":{"runtime":105},"confusion_matrix_table":{"sha256":"019b2d4a9e8ae00f958094b15da50eb2d4f7f377484226c9d0048fedd9c8cfb5","size":189,"artifact_path":"wandb-client-artifact://e500vxdz00j5wjs4qc5dxqocd3plm95dwwn6zg3r7jd5mcmrz7wsswcy9nh90kybfvvh6o3qvwgbde20q98uktxoli985az6vijjm4nz08gloew2zvfzc2kwm6uc1184/confusion_matrix_table.table.json","_latest_artifact_path":"wandb-client-artifact://a6ygqr8jaedm5khdqg7u1gfqj199va5bm1ouai9pzudjj7tcmiz5r016hxwaotj5kmwqxubd6e0ndwclbj3gbz0v7bigbszcrlsy60w86h15tbv9jy3415nhrfhxsd9d:latest/confusion_matrix_table.table.json","path":"media/table/confusion_matrix_table_15_019b2d4a9e8ae00f9580.table.json","ncols":3,"nrows":4,"_type":"table-file"},"test_recall":0.8333333333333334,"_runtime":102.429825149,"val_f1":0.1935483870967742,"test_accuracy":0.86,"epoch":15,"_step":15,"val_accuracy":0.625,"train_auc":0.7987370852935294,"val_loss":1.84415622031549,"test_f1":0.851063829787234,"train_loss":0.8543542780446822,"test_auc":0.9159544159544161,"train_accuracy":0.73875,"train_f1":0.6809160305343511,"val_confusion_matrix_table":{"_latest_artifact_path":"wandb-client-artifact://ph10sd7llbs3kgy9tq8p43xhfzhkglvvuvizy3213vdb7sjw2y6gwiy13utuotk7aijh2m74p2wgbjx0sf64n9clf78xx9fkdv5q08fqfozdv9j3zn7im6k6llxpnzkx:latest/val_confusion_matrix_table.table.json","path":"media/table/val_confusion_matrix_table_14_629fe5823704fa0d739f.table.json","ncols":3,"nrows":4,"_type":"table-file","sha256":"629fe5823704fa0d739fd39a20c0ca6b1a2100b279f8e642cccde11e7e47054c","size":189,"artifact_path":"wandb-client-artifact://vkpm9so3pdfitlnnpeh3t0tbngfxwbeo19hjo6ka3jg8yalmluof05rc7t16tw1tcncl9wo0od8cslpa67i4qx9xqw9u4rj9ytcigeiubpn6am25hq66qsrkz3kpri7p/val_confusion_matrix_table.table.json"},"test_precision":0.8695652173913043}