{"_wandb":{"runtime":231},"val_f1":0.7875,"test_accuracy":0.8133333333333334,"train_loss":0.444457356352068,"train_auc":0.8721339192947811,"train_f1":0.7507987220447284,"epoch":21,"test_f1":0.8028169014084507,"val_accuracy":0.83,"test_precision":0.8142857142857143,"confusion_matrix_table":{"nrows":4,"_type":"table-file","sha256":"9e21fa16430155276d55c5e46ac5ea039ca8a675370ce724396a95223acfc406","size":190,"artifact_path":"wandb-client-artifact://t5jiqzf9trk5vmau15b9y0c1hss5mr1dei8jhuvyh5tr8yio3rlegkj9sb46mn4k097kc5wb5duxt9jqib75fd32oulir6u7uh82vmpxfnjf24818scv9psasgrc63k2/confusion_matrix_table.table.json","_latest_artifact_path":"wandb-client-artifact://y1gjeidvltjuu5zhv55bepouk69esoohvhh0crhp60srvhadi007xxh7svf2x0a5avdspzof7e2p65jyqzkwb6t9fn9wihmid35njdmzjm7audwu6sspjlurvb255jei:latest/confusion_matrix_table.table.json","path":"media/table/confusion_matrix_table_21_9e21fa16430155276d55.table.json","ncols":3},"val_confusion_matrix_table":{"artifact_path":"wandb-client-artifact://1l657m8y3tfjqjmblj1xks5abrp25dvm54xgx1k0svnaio70xowgn875ozph49uz80wxcs31nm740g9vug4lm1gd4y75wv7n3asr1cvspxtom2e3fr9cf7l80nz4o2as/val_confusion_matrix_table.table.json","_latest_artifact_path":"wandb-client-artifact://n9p7acd970lhw44624pjm4c7t6qsln26udeii63od7wncrpk0qx7t6k5fyd5t6l7j4mha05iu2wbo10bih5cisezgs7cib9dcxaf0vsbuxbu29idvr9hfwzazamczqw3:latest/val_confusion_matrix_table.table.json","path":"media/table/val_confusion_matrix_table_20_b87299603b5d919317e5.table.json","ncols":3,"nrows":4,"_type":"table-file","sha256":"b87299603b5d919317e5ad32072b7ca068aade457290236b2a05496af18c62e0","size":191},"test_recall":0.7916666666666666,"test_auc":0.8721509971509972,"pooling_type":"attention","_step":21,"_runtime":230.993253081,"train_accuracy":0.805,"val_loss":0.46693831415468595,"val_auc":0.8634766432410086,"_timestamp":1.7452490614850912e+09}