{"val_confusion_matrix_table":{"path":"media/table/val_confusion_matrix_table_0_2bfbe3da737a6639d4b3.table.json","ncols":3,"nrows":4,"_type":"table-file","sha256":"2bfbe3da737a6639d4b3c493187d36679ad1b20aa85c1428e7fed98f4e4b91c4","size":190,"artifact_path":"wandb-client-artifact://o7a1m9d075z81ctblriamey8xe2zgpwxllauw6a4fwfog7qetqnaw1gzu4pxfn3kny9mlpouzf3qot3o9lrkp0dq3r3g1ijci42ybr14nykdaox0d2ytqdrh8j8s9je7/val_confusion_matrix_table.table.json","_latest_artifact_path":"wandb-client-artifact://7gz4tbs9xf51e0h2fzv778umpwx57g9whowpmhptawaejgmnmgmk1upm5ww53ecsyuaramqiyrhdaz7efzli16r7ufoti9wtt2d3u9ch0p5rv7xzjgpd8keqv5007wfh:latest/val_confusion_matrix_table.table.json"},"val_precision":0.8125,"train_loss":0.6735241913236678,"_runtime":23.097029012,"_step":0,"_timestamp":1.7410847834025307e+09,"val_loss":0.594272932112217,"val_recall":0.3170731707317073,"val_auc":0.75661430343117,"_wandb":{"runtime":23},"epoch":1,"train_accuracy":0.5975,"val_accuracy":0.69,"val_f1":0.45614035087719296}