{"test_precision":0.7631578947368421,"test_accuracy":0.7866666666666666,"_runtime":47.634151981,"val_loss":0.6020733458797137,"val_auc":0.8377932551319647,"val_accuracy":0.6733333333333333,"_step":5,"val_f1":0.3950617283950617,"train_loss":0.5237226009588031,"_timestamp":1.7418683942272615e+09,"train_auc":0.804897368586609,"test_f1":0.7837837837837838,"test_auc":0.8552350427350428,"confusion_matrix_table":{"sha256":"02046eca90d0b9e732a5cf23c004b1088ede7cb2a0850ba9293be6f6ebb72306","size":190,"artifact_path":"wandb-client-artifact://iz98yn64jtsi7z5gbcs8gumsbnj80fzjpths8zucn26ciy2bv3kl9if4r5nnsmwh8xp4487m8niqhuxs5lzu56wdcvpj6y8cdl0sfdp7bukjoyaeo0rd7yaync1p65f6/confusion_matrix_table.table.json","_latest_artifact_path":"wandb-client-artifact://t3g6mmd5zvolgwiz7th8m4xrlshsdyw5rflu6vr2gb20k2llcn2hqkp6gt88wwe7g15giuv6io70c7w0cboo630nt8axlwl6fxm120wq6zuxihattzfl7q09rva6gh49:latest/confusion_matrix_table.table.json","path":"media/table/confusion_matrix_table_5_02046eca90d0b9e732a5.table.json","ncols":3,"nrows":4,"_type":"table-file"},"train_f1":0.669683257918552,"epoch":5,"pooling_type":"attention","test_recall":0.8055555555555556,"val_confusion_matrix_table":{"sha256":"5be3e824be6f0c9021ba13c0503c1dd9f2db64229946ff04fdc20f5ff9c1eab4","size":189,"artifact_path":"wandb-client-artifact://vydd433jzioups209l3ww07p1x7uwlwajqilmdc1lgc18qxqezgnfp3tv2rhj7xnypjoxxe88y1tezr4r8rtmne5v3rv9igw165ot8qzr7i0bg4ddeskv91be71t7elq/val_confusion_matrix_table.table.json","_latest_artifact_path":"wandb-client-artifact://4777yv5lw0kdor2b66thsvuqbv2lwm4k1oxuletpo923jqb8rvg5vf39bf89v73haui0fzg9s0m2t0a4uyzpxdfpv4ip8hvavhai46he6d9akojwtcb40m5442kfb944:latest/val_confusion_matrix_table.table.json","path":"media/table/val_confusion_matrix_table_4_5be3e824be6f0c9021ba.table.json","ncols":3,"nrows":4,"_type":"table-file"},"_wandb":{"runtime":47},"train_accuracy":0.7423529411764705}