{"train_auc":0.9954481709418602,"val_f1":0.9705654531371031,"_wandb":{"runtime":1533},"val_loss":0.12606325848079605,"test_accuracy":0.9503901895206243,"val_confusion_matrix_table":{"ncols":3,"nrows":4,"_type":"table-file","sha256":"c65e7eb73691c5b4f1c6d0508b4d017249960bdc70de967109a186b1e4fd6827","size":193,"artifact_path":"wandb-client-artifact://u3zg4d8ilcuk71mu68p30ef0m5e67xdiap8ie4hwisi8i6rxd43to7yfvxobh9vu2n5parwc91x12urx9vvrgkznbkdokvq1pe48b08ivbrse17s0666f521cs443mo8/val_confusion_matrix_table.table.json","_latest_artifact_path":"wandb-client-artifact://ja7j1pk1s7np9shcgocq8llxcy4n4fjpvoysrgciyaydidq4ommk0ph8yic5g2vbhgodnodm0wd9jga7ns1kd1m3w7mjppzdeseq100dn7yt83vw8130lfc0ihtl51ls:latest/val_confusion_matrix_table.table.json","path":"media/table/val_confusion_matrix_table_14_c65e7eb73691c5b4f1c6.table.json"},"pooling_type":"attention","confusion_matrix_table":{"nrows":4,"_type":"table-file","sha256":"3ef7356e2277e4a26279903aa1392b388ccb051108605ce503a9441cf54e072f","size":193,"artifact_path":"wandb-client-artifact://612jmo7qkj7r0s8m92dqaf0wcy6jlbxo5yd4zkyp14q7ir8h55by24u8xhmrb5usj3v0q0md4fic7rw1it12sq2dcyjtmum4b2l2bbntmy5z0fzhitt2gm89hez91hml/confusion_matrix_table.table.json","_latest_artifact_path":"wandb-client-artifact://kyq9t1bqtukmwmmp43vzs2iblm7y1avjlf0bb8w9cycwtrz97cqibl8ds46u4hwxk95ejnarq0e5xd9nzu0tp0eiob0zgdgnp3l5pan7mnyobbu759e4pgoheaj019yz:latest/confusion_matrix_table.table.json","path":"media/table/confusion_matrix_table_15_3ef7356e2277e4a26279.table.json","ncols":3},"val_accuracy":0.9569160997732427,"_runtime":1531.878648207,"train_loss":0.07154669056847707,"test_auc":0.9882029261149007,"test_recall":0.9452582883577486,"_timestamp":1.745361352315006e+09,"test_precision":0.9855305466237942,"train_accuracy":0.9740535942152275,"_step":15,"val_auc":0.9907085936167275,"test_f1":0.9649744195198741,"train_f1":0.9821550463188689,"epoch":15}