{"test_auc":0.9136396011396011,"_step":31,"val_auc":0.881976023150062,"val_accuracy":0.785,"val_confusion_matrix_table":{"size":190,"artifact_path":"wandb-client-artifact://30emmhqlr29up6czhcy6883cizk9r5i1jehts737ow91u9hdks95amp2rhqxenn1xmjmmdotd8t23h01nxvj1m56x7ktydovan76jcxqghhpi6dlubbgf10nuszvi6yn/val_confusion_matrix_table.table.json","_latest_artifact_path":"wandb-client-artifact://dh5niie7v506hqf75ggmdvo2k93xp6wf8tcbv2lbekfwtunae2vsj0xkhwav4kxpnq17kfzjdxs0amkquyh1x3njqpc8z3xglavdeevn702w4rcbilpmta4xtmlpbhze:latest/val_confusion_matrix_table.table.json","path":"media/table/val_confusion_matrix_table_30_6394cd3e637d6d11f6e1.table.json","ncols":3,"nrows":4,"_type":"table-file","sha256":"6394cd3e637d6d11f6e1006d8615464ea765ec3f7394d13e3b05ebe3185e8057"},"epoch":31,"test_precision":0.8591549295774648,"val_loss":0.4820717905182391,"confusion_matrix_table":{"_latest_artifact_path":"wandb-client-artifact://74n82xt61pq0yoz0b7du240quq0feplogty8zyywnreom3toilew38swxaf5it74jwafzg3bl0oubpjndt8lmzlhmnzy8zn535q8cfo7n3yqtywg4co24bnqz0vfp8j0:latest/confusion_matrix_table.table.json","path":"media/table/confusion_matrix_table_31_7a66891422579fbf8e12.table.json","ncols":3,"nrows":4,"_type":"table-file","sha256":"7a66891422579fbf8e12b1203ff0a6176ed54eb1f24d4bb98b0425bb7d51e9d7","size":190,"artifact_path":"wandb-client-artifact://npwta1de8uq7ksxvquj7rl1p2z3mxt8nti2d45ws34ekirhlow6v4l71hj76v1yn5fzc3d2f6s6w4ci7398dx8hs9yinsrray1jdh3yeg076cy0f70tok3vo0v0h3lq6/confusion_matrix_table.table.json"},"train_auc":0.9026452158312843,"val_f1":0.6861313868613139,"test_recall":0.8472222222222222,"_wandb":{"runtime":235},"test_f1":0.8531468531468531,"_runtime":235.184029347,"pooling_type":"mean","train_loss":0.3899659356958,"_timestamp":1.7452590312413008e+09,"train_f1":0.7740916271721959,"train_accuracy":0.82125,"test_accuracy":0.86}