{"_timestamp":1.7452547517328274e+09,"test_accuracy":0.84,"test_f1":0.8153846153846154,"_step":28,"train_auc":0.8833949625384779,"val_accuracy":0.83,"_runtime":263.4652913,"train_accuracy":0.805,"test_recall":0.7361111111111112,"train_loss":0.42117786618706304,"confusion_matrix_table":{"ncols":3,"nrows":4,"_type":"table-file","sha256":"e74ae2763f5d19cbaf6bd8b238d1e46af8130e98403baa1b511da24a45863b3b","size":189,"artifact_path":"wandb-client-artifact://g2fjixgfxpz9yafuyp26zcvp87nrhi9es4bstfsvjxc3jamobsxmmtgre0sm1jz8h7f1d3wugbl8qa5km7lxdelsnz3zaz133f0vwbmmwzhxso6pwpym48zbun9uc66j/confusion_matrix_table.table.json","_latest_artifact_path":"wandb-client-artifact://073no7syftuk3xp8kyy1ps3gnwciajal56l74125jurvlwzz9pocnx0wpj8wp7jbd7p7hp3rqtaz7p0djrcouaeat5e7sw5lq97vyj3sn9heexwbmgw4a24a467vqxok:latest/confusion_matrix_table.table.json","path":"media/table/confusion_matrix_table_28_e74ae2763f5d19cbaf6b.table.json"},"pooling_type":"mean","val_confusion_matrix_table":{"_latest_artifact_path":"wandb-client-artifact://aus8bfjk2m6y1jktn20f08ebwn2dg7vp60qdskhcxgpcfs51kt018u48sjrgb308c83vwanfkowqgz7qjpluq3fle9frqzt6xj7q3abzdn191ljafyjiwgt6igy73qi9:latest/val_confusion_matrix_table.table.json","path":"media/table/val_confusion_matrix_table_27_d026ba458677800aacc3.table.json","ncols":3,"nrows":4,"_type":"table-file","sha256":"d026ba458677800aacc3801558a7dcd543aee2f8b66424e96619a2990e33ba6a","size":190,"artifact_path":"wandb-client-artifact://b0ah8829e4u4u0tzjyl5n3ncnipqsdtlp6jkq3e7grjadp4t2eey1ufab010zmp00yfex9nbseweuvovwtubdj70d7q7yxj9m3g4lvilzm4dt06abfway7jokpvsy61v/val_confusion_matrix_table.table.json"},"val_f1":0.8045977011494253,"test_precision":0.9137931034482759,"val_auc":0.8957213724679619,"epoch":28,"train_f1":0.7577639751552795,"val_loss":0.4361532753123902,"test_auc":0.9077635327635328,"_wandb":{"runtime":263}}