{"val_confusion_matrix_table":{"size":190,"artifact_path":"wandb-client-artifact://0sxmz9xo6bu46advvde9a0gn3l2clracocyvutm8xykap095ixoc7o0d8i1kdajabc735d4zwe11oy57ci5f90nhv79e0vzpnw62sxgienrlmdurqz46drazu680htb5/val_confusion_matrix_table.table.json","_latest_artifact_path":"wandb-client-artifact://zhys1ukiki6dvh7wr5a67sdlpyg30i4koow9quvyabsaqay0btdmkuuck03bcp90vukpy5zrswq2xb9ii1vdsjn55qe7y7gqbj21vv1rme9qecp7fuk360e5prtc78ek:latest/val_confusion_matrix_table.table.json","path":"media/table/val_confusion_matrix_table_23_a8369ad049c3aa0c8e5f.table.json","ncols":3,"nrows":4,"_type":"table-file","sha256":"a8369ad049c3aa0c8e5f363f2cd868195402dc454fcc4dcdc4deb0aef19659bb"},"val_auc":0.8360892930963209,"test_f1":0.8428571428571429,"test_precision":0.8676470588235294,"_step":24,"_wandb":{"runtime":319},"pooling_type":"max","val_accuracy":0.725,"test_auc":0.896545584045584,"_runtime":319.249399197,"train_loss":0.2874777813111829,"train_accuracy":0.89125,"val_loss":0.534047457035631,"_timestamp":1.745263287219897e+09,"epoch":24,"train_f1":0.8651162790697674,"test_recall":0.8194444444444444,"train_auc":0.9536651630431274,"confusion_matrix_table":{"size":189,"artifact_path":"wandb-client-artifact://vsse1sexf4m4hkole158z5h1yaa1y0k8il9e07un8dstwtdgbas6ut7udx6qth211870vuu6tf5l6gp4sa7d1g019bfrk8gqqnfvrmki0u65hp37sz0hr737xe6yx5s2/confusion_matrix_table.table.json","_latest_artifact_path":"wandb-client-artifact://vmqv3m9lmaidydnhge3bypexazv5tb2mces4y4glnztqrwfkhpaogkpuic0cpw18udorpcap50ksu8s032ngrwxkap62dvp41ncf2is370g7flkao4k4azc3y20bfg20:latest/confusion_matrix_table.table.json","path":"media/table/confusion_matrix_table_24_e157400eccece6d7f6a8.table.json","ncols":3,"nrows":4,"_type":"table-file","sha256":"e157400eccece6d7f6a8f61dd067aee2097bdb78d3fdbfbff8b058c49d78ba83"},"test_accuracy":0.8533333333333334,"val_f1":0.5528455284552846}