{"train_f1":0.9578588807785888,"epoch":11,"val_confusion_matrix_table":{"_latest_artifact_path":"wandb-client-artifact://7tmw8s51zwflcdyirdq766mokxuohm9iteh5rwax6qex7btwpved3f5of3iexxhn2e2zrjaxz19sskamyq9jty878ldfqa28izb92agmkqa4ijgewb1ioi0ci0qxteb9:latest/val_confusion_matrix_table.table.json","path":"media/table/val_confusion_matrix_table_10_1c260a6651cf6a6a2ab3.table.json","ncols":3,"nrows":4,"_type":"table-file","sha256":"1c260a6651cf6a6a2ab30a9df0a7c268649bcea3a914679b54dae673e26a993d","size":193,"artifact_path":"wandb-client-artifact://x9zdp8wmpgt9x2mipmcks5u5r0r56hkm3k1n3zitmqfudhh0er6rnofxvhoer29nbd5bwxb7nxqsumy0wiwj3wm0fxp2uek6dnyoib70lq00sp0rqixk74gyzs38jx4i/val_confusion_matrix_table.table.json"},"test_f1":0.9585144211774003,"val_auc":0.9806925907573334,"_step":11,"val_accuracy":0.9138321995464853,"_wandb":{"runtime":1194},"val_loss":0.6975112497724144,"train_auc":0.9755095695973769,"test_accuracy":0.9414715719063546,"_runtime":1192.931445411,"pooling_type":"attention","test_precision":0.9829821717990276,"train_loss":0.32700692102214357,"val_f1":0.9375513557929335,"test_recall":0.9352351580570547,"confusion_matrix_table":{"size":193,"artifact_path":"wandb-client-artifact://258gstbkfi1q6wcok1eidaxbia0og9nwql3rk44xd0jsj6oe8xsi51xv6onnrctaemere3z1ve51awyew3w7sgpomtu7t9ituqr8j2qmwcqa903gzlmuu436auni8wjj/confusion_matrix_table.table.json","_latest_artifact_path":"wandb-client-artifact://y8pvn40q875v6fewugj87g8cnaah6ozni1voufrpfe08qj0m6ujvdq9t8rsh83z5psrg09a67r8yrexd8ww5rvefpeqhmewyc41vgr7592yuc1g0fcmebe4q9ewhuqyt:latest/confusion_matrix_table.table.json","path":"media/table/confusion_matrix_table_11_84d06ba7b0b660ce6f91.table.json","ncols":3,"nrows":4,"_type":"table-file","sha256":"84d06ba7b0b660ce6f91c00ec9d869e2785b9fa02dc6c6d689158a9f8547f3c6"},"test_auc":0.9792323718719409,"train_accuracy":0.9386076846731887,"_timestamp":1.7453369658465817e+09}