{"val_accuracy":0.795,"train_f1":0.7296,"confusion_matrix_table":{"size":189,"artifact_path":"wandb-client-artifact://c7paigu6hwasz3p7gjuk4hknenppcgkxdz5p7qkafup1nw59j3fm632yq6p2acook63m8clbk5e6bay73rtw12men2xxa1lzrdjgaoicsaog0tk8et753e62201qwl34/confusion_matrix_table.table.json","_latest_artifact_path":"wandb-client-artifact://v0wkhmuze8z6lp7lctcfmld4zqdvbma0o4zi9ghpoti57mrw02yisc06mzlnpnbpct6okwgknvrp3y0b9pjmb3300rfnyw53om2tjakfpfr2zlkufae60cgqwghsduly:latest/confusion_matrix_table.table.json","path":"media/table/confusion_matrix_table_21_b14010f4b9aae3d4165e.table.json","ncols":3,"nrows":4,"_type":"table-file","sha256":"b14010f4b9aae3d4165e3e9ec1c3d5fd11c459e2f511bfc9e5b9978e45c57657"},"test_f1":0.8489208633093526,"train_accuracy":0.78875,"test_auc":0.9034900284900285,"test_accuracy":0.86,"_timestamp":1.7452567714030087e+09,"pooling_type":"mean","test_precision":0.8805970149253731,"train_loss":0.45264435176664847,"epoch":21,"_runtime":240.112106855,"val_auc":0.8837329474989665,"val_confusion_matrix_table":{"_latest_artifact_path":"wandb-client-artifact://akdwwtp79sq3it6aklhz7dt1nhhht953bo5lmo1gy15gq5j81xrjmf9tehzy4gi820hj6xmvs5rai2p7c9n7r2fpq21iuew950wjg8p67t0d57t0pqq38uvfdlmtsxxz:latest/val_confusion_matrix_table.table.json","path":"media/table/val_confusion_matrix_table_20_07ef27719a529dba6810.table.json","ncols":3,"nrows":4,"_type":"table-file","sha256":"07ef27719a529dba681074ccd733661407a5b3b8e67129bf57eef718dc056c03","size":191,"artifact_path":"wandb-client-artifact://ekr8c7rrrf5uw7uj3hsm6enylpxivlrblpdib6s1s1mh45ncc9v1lmudmq4dzhzhieyaq70ygy46awf7sp65vi3ybqyhxjbwubkpstnau1wlkcg6rgbg8ehzc5pfcvee/val_confusion_matrix_table.table.json"},"_step":21,"train_auc":0.8662581715163367,"_wandb":{"runtime":240},"test_recall":0.8194444444444444,"val_f1":0.7284768211920529,"val_loss":0.44064968890394085}