{"epoch":10,"train_loss":102.33584717016751,"_runtime":182.450236656,"auc":0.9983582969689822,"accuracy":0.986,"val_loss":54.06675940749898,"f1_score":0.9898550724637681,"_wandb":{"runtime":183},"_timestamp":1.7418601014353096e+09,"test_loss":0.047916278068611345,"_step":10}