{"test_recall":0.8611111111111112,"val_loss":0.5317556518316269,"test_accuracy":0.7933333333333333,"confusion_matrix_table":{"ncols":3,"nrows":4,"_type":"table-file","sha256":"bd0d0b36b24915ef6b23c8f7861e9e765570b244636e0b5f5b4dcac1016d9da8","size":190,"artifact_path":"wandb-client-artifact://mrtcsguzl4i7214pysx8u5gi0fjq4sabmceesn95849067a9ed09hooita48tmpcn9u27rv5q83f48x240nxfwioyq6k29cuu8f8xbmy9rb1d4zkmksvk8bgdpoar98p/confusion_matrix_table.table.json","_latest_artifact_path":"wandb-client-artifact://fvbhjvjw1obbg6wg1no1xajpgg4s8txlbw9q8bcnx39nj5xhku283k027iotnmybclxrmphnbxx8vondqg902enhk4d8lxz9b4em4bmavbvz6x22uabgguxkyoq344au:latest/confusion_matrix_table.table.json","path":"media/table/confusion_matrix_table_5_bd0d0b36b24915ef6b23.table.json"},"epoch":5,"train_auc":0.8093755183043656,"_wandb":{"runtime":46},"_timestamp":1.7418671201661944e+09,"train_loss":0.5280931220280335,"test_precision":0.7469879518072289,"_runtime":46.644637220999996,"val_auc":0.8245967741935485,"train_f1":0.6604651162790698,"test_auc":0.8514957264957265,"val_f1":0.5360824742268041,"pooling_type":"attention","train_accuracy":0.7423529411764705,"val_accuracy":0.7,"_step":5,"test_f1":0.8,"val_confusion_matrix_table":{"_latest_artifact_path":"wandb-client-artifact://jrg5cf8wnacfop14i7qtehs0k5rz8fzis4cvzrp4oagq1t3usb2forfwsg1fcusmt0z3nxcez1utl5sj5vruosta02i8jbm9l9psxl2jumyrftiwzdhmnd6gs2x1r1q9:latest/val_confusion_matrix_table.table.json","path":"media/table/val_confusion_matrix_table_4_2a9fac8e60d885bd7ef0.table.json","ncols":3,"nrows":4,"_type":"table-file","sha256":"2a9fac8e60d885bd7ef07a01ef3654261579ff472b7b8f1b2a1afa085933d7b5","size":189,"artifact_path":"wandb-client-artifact://1z1hbnr4ffwzcu58v1q7go0d5w72grcynsrlrhd7x58vcqq9jg3faurh8eloq6k1b6lju9un6jnopqup4nzjiznewz34ij6pem5viu8ha27gs8vi8urety8vzxi5r88q/val_confusion_matrix_table.table.json"}}