{"_step":13,"_timestamp":1.745328994730303e+09,"val_auc":0.9818127909149249,"val_confusion_matrix_table":{"_latest_artifact_path":"wandb-client-artifact://p1t03uv0uq5yprf0ffodj27dbhuvels6u2oou14gyn4ycqpx610d9u97w0iom9a77y6hzaz30gd5g5s50ns9yce4rpbgw1pc0y3fp45ph39nvj0keuqqtwtgceun4r9p:latest/val_confusion_matrix_table.table.json","path":"media/table/val_confusion_matrix_table_12_178dcae38de0103ca3a5.table.json","ncols":3,"nrows":4,"_type":"table-file","sha256":"178dcae38de0103ca3a52c94b11b18db34fb78fef6052e2b99a2e0f318a75793","size":194,"artifact_path":"wandb-client-artifact://rcvrvlhhv1dg9bb49gc68tstzt9kd3ng1c0d5fe3w93bl8bzyzg4sg9fnd7g7stun6pslb9dfc6u8y892j1mtxyj6miffvgfvgu74y2xx322o4on9cqc0hlad4hlgn36/val_confusion_matrix_table.table.json"},"train_auc":0.9854935102987523,"test_precision":0.9910496338486574,"test_auc":0.9874001138674763,"val_f1":0.9431689875799775,"train_f1":0.9657794676806084,"val_loss":0.3589755769955036,"confusion_matrix_table":{"size":193,"artifact_path":"wandb-client-artifact://5a4tidq31wtmuztwtr2cweteobc5t8q0qoo5kples8qypoftwged84qf2ob5u8spbziz69h6z03shzwydp8an2feh72eik856kz9ngprttn7vkzd0k853o8be9coccuy/confusion_matrix_table.table.json","_latest_artifact_path":"wandb-client-artifact://66s0qi9x7w1i9qns9a1w83xtoeowhd63l5rdus7qt4ktivtx9cbwgvypxsboqbwjkmovewq3g2k7g4a0o076419n5kqkhsizgnohju786j8bozdwykauc693ax4f5dqp:latest/confusion_matrix_table.table.json","path":"media/table/confusion_matrix_table_13_586800a439d1b64dd085.table.json","ncols":3,"nrows":4,"_type":"table-file","sha256":"586800a439d1b64dd085bc94984ceaa9e4508945423dd38c8bf63a2a7d6cab10"},"test_accuracy":0.9498327759197325,"pooling_type":"attention","val_accuracy":0.9143990929705216,"train_loss":0.17286120960916576,"train_accuracy":0.9502339430029775,"test_recall":0.9390902081727063,"_runtime":1288.196237205,"epoch":13,"test_f1":0.9643705463182898,"_wandb":{"runtime":1289}}