{"_step":39,"train_f1":0.7867298578199052,"train_loss":0.40078849422425267,"test_precision":0.8571428571428571,"val_loss":0.43936640507658015,"train_auc":0.8948366987396665,"epoch":39,"test_accuracy":0.8533333333333334,"val_auc":0.892517569243489,"test_recall":0.8333333333333334,"_runtime":307.070515413,"_wandb":{"runtime":307},"test_f1":0.8450704225352113,"test_auc":0.9168447293447294,"train_accuracy":0.83125,"pooling_type":"mean","val_accuracy":0.79,"val_confusion_matrix_table":{"_type":"table-file","sha256":"ffb601ec3f4c4b4d991b05fb150ce8c520b5a58bdb573ba813039ed5f9009caa","size":190,"artifact_path":"wandb-client-artifact://edgh3k6q58m6ku1dg91vo5w119heorn5p4bhk30yg7i7341oz4uemkf2b98gc6rbfvux325zkmwc6a8em50fatg39am2ncwbhh0m526cdghnxud3dsko6ox99bwn69ae/val_confusion_matrix_table.table.json","_latest_artifact_path":"wandb-client-artifact://egmgjnxyearsexj6vi07613cnwr90x51hb3f5wfjfwdmx9a3mmaqbjnfmmxlp6xfoml2vocnnacqb3tlpm8heuw4varcznatn6mwfh1mo843sj2kt1q4tqhr8ydg2yca:latest/val_confusion_matrix_table.table.json","path":"media/table/val_confusion_matrix_table_38_ffb601ec3f4c4b4d991b.table.json","ncols":3,"nrows":4},"confusion_matrix_table":{"sha256":"d83e83cc20cc8403af979725abcce61c9dc840e71dbda35d180123434c5ccdd5","size":190,"artifact_path":"wandb-client-artifact://qpalg67vk5m32man8ujjbscrigbmc3j5ctsyyx6nql7xqo28ozmi75u85btpg7vzahxf0xlri7nvkfhbefmhhhewfwsti24zazegu91wqvzbskbxeg38f96l3a9h9rgh/confusion_matrix_table.table.json","_latest_artifact_path":"wandb-client-artifact://0ad2bphys9onnldci2ugxliikwz1s7od44il6u7sleyztpjzwe6dhjk5wwsmvveyawruuryqhn8ygdh7dyyr3q4f60yp4q3ejo05c13zbb9wl0td7gvadakavitzc6h5:latest/confusion_matrix_table.table.json","path":"media/table/confusion_matrix_table_39_d83e83cc20cc8403af97.table.json","ncols":3,"nrows":4,"_type":"table-file"},"val_f1":0.7,"_timestamp":1.7452600045397596e+09}