{"val_loss":0.6993667943775654,"test_accuracy":0.8266666666666667,"val_f1":0.6582278481012658,"_wandb":{"runtime":268},"train_accuracy":0.8325,"test_recall":0.8888888888888888,"_runtime":268.855298567,"val_accuracy":0.595,"epoch":20,"_step":20,"pooling_type":"max","test_f1":0.8311688311688312,"test_precision":0.7804878048780488,"confusion_matrix_table":{"_type":"table-file","sha256":"bccb21ecccd793d8f23ebf4aad6ba2ab5b4b1890bfcc1e107de4f973948b46e9","size":189,"artifact_path":"wandb-client-artifact://d5onyo7qsu7vf1ly5hhgzzp6d61c8201c9u0apf9bnamhcs12h93dppmr7fv3te95a8rtlnhpah9ad2whttfq0l7i1bzbxyd0xxjardcrdauzjg9xxekodpo1z9wpfe4/confusion_matrix_table.table.json","_latest_artifact_path":"wandb-client-artifact://7cesdh39k8tfz5w1zrunw0d7wdasmyhupna63skrevpqfvucbcgf0e0e8cp6zwkk4vl1t1el216ljfsvc881d1b9valzka7x6ul6pfpcx75zm82kkij63ysemoi7pf8w:latest/confusion_matrix_table.table.json","path":"media/table/confusion_matrix_table_20_bccb21ecccd793d8f23e.table.json","ncols":3,"nrows":4},"train_loss":0.37315199261356613,"val_confusion_matrix_table":{"sha256":"c4f62d7c3c38b91a25df5ff26f6e09fb4db2465dad5faffeff365ff6566b2c17","size":189,"artifact_path":"wandb-client-artifact://gdezczr07pbnk9vig1ph78yj351agmcdtic3hm6ow6g00fqhydjefwaxgfkhyhb9sh3sy901jwy1h4qtunkdcw9e7g910jti9mwtjvnji390n0ftv3l4cmic47zp0za9/val_confusion_matrix_table.table.json","_latest_artifact_path":"wandb-client-artifact://gnecq5htgueyi3daidsymats0ceztbnq9hxstvfgvv23foyidqj3cmgetvwpqojpkd531cw1hgsf96dzhucrrgs2v4u798il1w458fa7f1xm68bpbeh2wfeqxe86sn4c:latest/val_confusion_matrix_table.table.json","path":"media/table/val_confusion_matrix_table_19_c4f62d7c3c38b91a25df.table.json","ncols":3,"nrows":4,"_type":"table-file"},"val_auc":0.8524183546920214,"test_auc":0.8881766381766382,"train_f1":0.7866242038216561,"_timestamp":1.7452611786555998e+09,"train_auc":0.9100568537484108}