{"_runtime":34.322207346,"test_accuracy":0.7866666666666666,"test_recall":0.75,"_timestamp":1.7418671909512625e+09,"train_f1":0.6281481481481481,"_step":5,"val_accuracy":0.72,"train_loss":0.9704606219270157,"confusion_matrix_table":{"ncols":3,"nrows":4,"_type":"table-file","sha256":"843155ecbadd3143c01c1a1ab646a5a8f838daf1b29c190997966b7ba679f07e","size":190,"artifact_path":"wandb-client-artifact://sp1z65wtsjyega28z2uvykixkvbqsjvzxg5zehecdk92nq9ksdxrrmc67htksjt0j6uogymzn7dhplomea0lzseu0uoob7jqlzyqgagxyk9awr6r31qa3ozqg7ivqkmk/confusion_matrix_table.table.json","_latest_artifact_path":"wandb-client-artifact://dek3vzfdaqa544opxy7oii72b226bhtkn4wi1il6mgqmod8bnixabjilrpwspfcizafsbloi1xb413tg3443jcnhlh749m328az37wl4ctlvltbyr68ygpz53xbsnp3y:latest/confusion_matrix_table.table.json","path":"media/table/confusion_matrix_table_5_843155ecbadd3143c01c.table.json"},"train_accuracy":0.7047058823529412,"epoch":5,"pooling_type":"max","val_auc":0.8170821114369502,"val_loss":0.529518587589264,"train_auc":0.754316581736241,"_wandb":{"runtime":34},"val_confusion_matrix_table":{"sha256":"0cd24685e9378c6eba092132ae953707758e4e9d09a035fcf6f11d6a8de84b20","size":190,"artifact_path":"wandb-client-artifact://xv7wvqh17p3k1zjq81h5p3d12q7yun2fstja5fvk9kzm8wpuobc6ycr45ghi1drvzsqwy0vkx6s189so7czgnaj2vd2e7az1t03fdyrbfae5aa9qmoobo9kk10midfq1/val_confusion_matrix_table.table.json","_latest_artifact_path":"wandb-client-artifact://vrfcleewfbbp902qdc46fp4rgu2a4pssy4fcttb4pz5kwvs1bylxdgw0bl4z278704d94cb6er3eevbs0ppa4sd2fnj4i85yt2q5t4tbkji4uu2udi7stnid03f34q8i:latest/val_confusion_matrix_table.table.json","path":"media/table/val_confusion_matrix_table_4_0cd24685e9378c6eba09.table.json","ncols":3,"nrows":4,"_type":"table-file"},"test_auc":0.833511396011396,"val_f1":0.671875,"test_precision":0.7941176470588235,"test_f1":0.7714285714285715}