{"val_precision":0.8222222222222222,"test_f1":0.8289473684210527,"_step":29,"train_accuracy":0.80125,"epoch":29,"confusion_matrix_table":{"nrows":4,"_type":"table-file","sha256":"d7129a1e4775a2d20094784e6d1565713bc8e9f95ffe42b2888342d96e09658d","size":189,"artifact_path":"wandb-client-artifact://cn2o0lw0f8e2d30qct5brfvhmprtd2u6unu19lp7805rhhf0muq13be0qyoazlj2ggjj8rnht4hs6hyihx3du5eb1vazcmywyzh71hf3nfhdzd0ruwad1kgyg4ahiaji/confusion_matrix_table.table.json","_latest_artifact_path":"wandb-client-artifact://30nqb64h87q9gb0ke1vckkq4niexoch0knenvkmw93cqysbxqas2jja5tz6e1g2fze2afz0ubmo55dqsoqkakngz78uuuupagg1b1n99qcxrtd5hmd6trry20k27y2ov:latest/confusion_matrix_table.table.json","path":"media/table/confusion_matrix_table_29_d7129a1e4775a2d20094.table.json","ncols":3},"val_auc":0.8560355518809425,"test_precision":0.7875,"test_auc":0.8757122507122508,"val_confusion_matrix_table":{"_type":"table-file","sha256":"8509cbc5eea544bfbad134162d6c4005fca348a15c783f768ee3d88cb5905cb6","size":190,"artifact_path":"wandb-client-artifact://j8vewzno7hxh4w3lvmzgh95x3ayr6q9epkq58126psopfcf3bshuvrkk7bm8a04yttuy5bvvadx8wubohhw39oj4qayn0t25djdgjwlonqh3blwmuqfap21znkt075s3/val_confusion_matrix_table.table.json","_latest_artifact_path":"wandb-client-artifact://eqi35k5om3b8mh6x4v16hnmgg2ncvqsk57nmqhsazgq1a4n4p0wb9myzt7h5faj06u7rpirzsly5fg3c7n6tokcyjcowj6tpb7vljiwkq5l798ikcj5nrcxb3u2fwkcb:latest/val_confusion_matrix_table.table.json","path":"media/table/val_confusion_matrix_table_28_8509cbc5eea544bfbad1.table.json","ncols":3,"nrows":4},"_wandb":{"runtime":198},"val_f1":0.5826771653543307,"_runtime":197.573413479,"val_loss":0.5457287091482431,"val_accuracy":0.735,"train_loss":0.4239683934293134,"test_accuracy":0.8266666666666667,"_timestamp":1.7411728103365307e+09,"val_recall":0.45121951219512196,"test_recall":0.875}