{"train_loss":0.3436646524872049,"test_accuracy":0.8133333333333334,"train_accuracy":0.8525,"val_accuracy":0.765,"_step":32,"test_recall":0.7361111111111112,"pooling_type":"attention","test_f1":0.7910447761194029,"train_f1":0.8184615384615385,"val_auc":0.8591360066143036,"test_auc":0.8855056980056981,"test_precision":0.8548387096774194,"val_confusion_matrix_table":{"size":190,"artifact_path":"wandb-client-artifact://sfytekuwbwbui3er2xybhi8rubeis0je9es9p6276jc1xwb0bhf5u9jaue7q7ozw5wk9ehj9yyxao9zhhbd6pe7bsbcjq0wwmmqpt9xf5104o7kghkqr3965gi2to5fk/val_confusion_matrix_table.table.json","_latest_artifact_path":"wandb-client-artifact://t9q1a4m9lmb4dxhb5j4nkbz08brf6xdeesmhb40lksjobctg30vfn03mpkcu6elsj7go2wbcaqeicti59hefw00rtpxv2rdb07s0nhyy6wychyv8363h3r2zarry6znx:latest/val_confusion_matrix_table.table.json","path":"media/table/val_confusion_matrix_table_31_295a567139a03634fd10.table.json","ncols":3,"nrows":4,"_type":"table-file","sha256":"295a567139a03634fd104c8439f3c705a8c968440ef7eb51fe40158d5abd3db8"},"val_loss":0.5833761138410773,"confusion_matrix_table":{"size":189,"artifact_path":"wandb-client-artifact://k3yluuzfd89cvp6g1gj8rtw6uk7i6qhnp06opzlrho5hvogex66p944e4hxl65oagq3wyhapnelu2ih2ak66kmye14by9qza5f0vdlwpg5h12u63m3l4yu49iq56w5g8/confusion_matrix_table.table.json","_latest_artifact_path":"wandb-client-artifact://rsdia9w55cne355n9l5jhmmx6p3bec97f1a1o1jjdij0x2fydc44phbk5q6a3sojv70sgve7hkyv9znqxpeu7aqxwj2nuiusvo8rn855tfr6abpjq5mtg2vw839ms628:latest/confusion_matrix_table.table.json","path":"media/table/confusion_matrix_table_32_33ccda8bd28e38019ee1.table.json","ncols":3,"nrows":4,"_type":"table-file","sha256":"33ccda8bd28e38019ee1b3dda17976aaba3f79ac0aa32a5c9ff9547d2aad6b70"},"val_f1":0.6356589147286822,"_runtime":244.31834001,"_timestamp":1.7452539986660173e+09,"_wandb":{"runtime":244},"epoch":32,"train_auc":0.9222826683187166}