{"_wandb":{"runtime":1062},"val_auc":0.9849841189897891,"_runtime":1060.9500262,"_timestamp":1.74535822164276e+09,"_step":10,"train_f1":0.956564082586677,"test_auc":0.9877080524783242,"train_auc":0.9730745972517818,"pooling_type":"attention","test_accuracy":0.9470457079152731,"val_confusion_matrix_table":{"path":"media/table/val_confusion_matrix_table_9_fa48fb7757131a36e383.table.json","ncols":3,"nrows":4,"_type":"table-file","sha256":"fa48fb7757131a36e383085671f97bff4a4deba18231b5371a55a690a53cc77f","size":193,"artifact_path":"wandb-client-artifact://yhvrn28jpuniz78ko2wiuxcm10i5cercaqx5htpzxg4gozfr6of43u0n5vbaadx4cglsfj2xlgmn9l72lbcwhwodwu3jof20izxalzbar27r0qliohdqjnmarmjvdxyz/val_confusion_matrix_table.table.json","_latest_artifact_path":"wandb-client-artifact://z7ofoe5cy1ukybypqgft8djrfwcszabtgksraaxjtog5ql3tm6rj5ws76vzro6jogwgexvfh248ruuktx4yfnoioim6fjkhtct1nmqfg0mm2ydy5a860rso1241jshgs:latest/val_confusion_matrix_table.table.json"},"val_f1":0.9659270998415214,"val_accuracy":0.9512471655328798,"test_precision":0.9926229508196721,"test_f1":0.9622566547477155,"confusion_matrix_table":{"ncols":3,"nrows":4,"_type":"table-file","sha256":"92490273c48b3714540e825db75f96598b1131ceca97bfe0d43a6abea4846759","size":192,"artifact_path":"wandb-client-artifact://lbsw9hdfifx71vprtmutag7kowkthqkt0zhvobo5b0w8354tw1501dvnqwquwwsnc7e7fq31rroibtqwaejev32klvznguy3cpg3gbrwk6g4lkffgkw6t2jl84kkmky6/confusion_matrix_table.table.json","_latest_artifact_path":"wandb-client-artifact://u7zg1a32oeir7xrtbu5xdvf60m9x9b1dbxahr6pci6tjigkhybenq06pkbflctwq6rjofyh96ktj302wig8uvyon1e8p1gfouzor4n5as97l9umjtwxvftpr6y9j98fy:latest/confusion_matrix_table.table.json","path":"media/table/confusion_matrix_table_10_92490273c48b3714540e.table.json"},"train_accuracy":0.9367644973770027,"train_loss":0.32631375995815004,"val_loss":0.3422693653554525,"epoch":10,"test_recall":0.9336931380107941}