{"f1_score":0.9906001446131598,"_step":0,"accuracy":0.987,"experiment_completed":true,"auc":0.9984573652553367,"test_loss":0.045882712964484366,"_runtime":245.05247424,"_timestamp":1.7483728882246702e+09,"_wandb":{"runtime":245}}