{"train_split_size":4800,"num_epochs":5,"val_loss":90.25728818266862,"test_loss":0.061352733401412875,"learning_rate":0.001,"train_loss":226.0975125618758,"test_dataset_size":1000,"_timestamp":1.741862960301597e+09,"auc":0.9984762354051185,"train_dataset_size":6000,"bag_size":10,"_wandb":{"runtime":90},"epoch":5,"accuracy":0.976,"target_digit":3,"f1_score":0.9828815977175464,"pooling_type":"mean","_step":20,"val_split_size":1200,"status":"Experiment finished","_runtime":90.327054827}