dataset,pooling,learning_rate,feature_dim,seed,test_loss,test_accuracy,test_f1_score,test_auc_roc,test_precision,test_recall
panda-patches_512_preset-features_UNI,attention,0.001,64,0,,0.9509476031215162,0.9653543307086614,,0.9863234111021721,0.9452582883577486
panda-patches_512_preset-features_UNI,attention,0.001,64,1,,0.9498327759197325,0.9643705463182898,,0.9910496338486574,0.9390902081727063
panda-patches_512_preset-features_UNI,attention,0.001,64,2,,0.9542920847268673,0.9676910953506698,,0.9895245769540693,0.9468003084040093
panda-patches_512_preset-features_UNI,attention,0.001,64,3,,0.9537346711259754,0.9673099645529736,,0.9887278582930756,0.9468003084040093
panda-patches_512_preset-features_UNI,attention,0.001,64,4,,0.9509476031215162,0.9655172413793104,,0.9816733067729083,0.9498843484965305
panda-patches_512_preset-features_UNI,attention,0.001,128,0,,0.9364548494983278,0.9548335974643423,,0.9820700896495518,0.9290670778720124
