{"_timestamp":1.7418655243805852e+09,"epoch":2,"train_accuracy":0.7070588235294117,"val_f1":0.4888888888888889,"val_confusion_matrix_table":{"_latest_artifact_path":"wandb-client-artifact://3qm4845h8r90wdb5u7cc0tx2j089dell1mnwy2mzja18kl6fcq8b4iojuglwpxnt68hylm9c32a9u3ahdvk73ci89ep2aw27ag6x40idv1jxfacnluut2m64ka7fm1al:latest/val_confusion_matrix_table.table.json","path":"media/table/val_confusion_matrix_table_1_2b3837b6fa665a3bb5b8.table.json","ncols":3,"nrows":4,"_type":"table-file","sha256":"2b3837b6fa665a3bb5b80f9db529524a363871268d7f97a38d80ba766353c719","size":189,"artifact_path":"wandb-client-artifact://p9ki32g4zx0ky94n4qzv4lcrcj9k4sij4vlh8aq7xdypvibjjalf6tf5lgzccrn28wgjb490ydmafa2jnhn4v8bhkb260gtozrc8ye8e2mi3mpzfp150bczb97j6rly2/val_confusion_matrix_table.table.json"},"train_f1":0.6139534883720931,"_runtime":30.547168832,"train_auc":0.7497612225405921,"pooling_type":"attention","val_loss":0.5834975170095762,"_step":1,"_wandb":{"runtime":30},"val_auc":0.7862903225806452,"val_accuracy":0.6933333333333334,"train_loss":0.5899218488528448}