{"val_loss":0.7372780191324477,"confusion_matrix_table":{"nrows":4,"_type":"table-file","sha256":"2928cf11a017d922726ce76c718afaeaf32ad6605f632475dfbdd2dc6dd92ae1","size":190,"artifact_path":"wandb-client-artifact://28i4u5k7fqzakbuin7394ndsl9z11gtic5k6zjrzombemx3ztk7jky32qx0qre989knuaekd6kthx5av12kpkhxn1ogpdotyy4ravj64l411hcl569gluqpzyzpnccu0/confusion_matrix_table.table.json","_latest_artifact_path":"wandb-client-artifact://pce17sgoi3rk1qz6nzc3ntt6fptnp2h67rwmazgv0d3yqxry6uh39blwgryl2t1epqpvuavg65vckrwkh6o6dyentejwzzce09fuuzqi3yu00e89396bwn3x23dr5p6g:latest/confusion_matrix_table.table.json","path":"media/table/confusion_matrix_table_26_2928cf11a017d922726c.table.json","ncols":3},"pooling_type":"attention","val_f1":0.7037037037037037,"test_precision":0.8305084745762712,"train_loss":0.48028195805595486,"test_accuracy":0.78,"test_auc":0.8554131054131054,"_timestamp":1.741951104711949e+09,"_wandb":{"runtime":185},"train_accuracy":0.7775,"epoch":26,"val_auc":0.8441504754030591,"_runtime":180.77117381,"val_confusion_matrix_table":{"size":189,"artifact_path":"wandb-client-artifact://jgp23arlyhry2vgd1blwaliqqc5c0lpdq3xuqwmk43q0b7lywoouqojhk4zuxstmpu2xxmafs8lfflz129z8wd5ux2x5til6d2dd7iz3yyrwqwqo6418t1644k8wta18/val_confusion_matrix_table.table.json","_latest_artifact_path":"wandb-client-artifact://3qo028q475rphymicik11iad6go2dgmhxf2qtf9c2swwhiqskhe700iro03qjuejv4zom9a2c2zkx3m0rloln9sbp5unmncr6qfdr1fz23n877dcj9mcl5h20ileckvz:latest/val_confusion_matrix_table.table.json","path":"media/table/val_confusion_matrix_table_25_fb8671aa8b287174991d.table.json","ncols":3,"nrows":4,"_type":"table-file","sha256":"fb8671aa8b287174991dcd8a7e3cd5dcf75f09038874f11b60db4358631857b8"},"val_accuracy":0.68,"_step":26,"train_f1":0.7227414330218068,"train_auc":0.8606050632748018,"test_recall":0.6805555555555556,"test_f1":0.7480916030534351}