{"test_accuracy":0.8133333333333334,"test_recall":0.7222222222222222,"val_accuracy":0.795,"train_auc":0.8661645983776354,"val_auc":0.8458040512608515,"epoch":14,"_runtime":96.452548202,"val_loss":0.48859681420959533,"_timestamp":1.7416864274128594e+09,"test_precision":0.8666666666666667,"train_accuracy":0.795,"_wandb":{"runtime":99},"train_f1":0.7320261437908496,"confusion_matrix_table":{"_type":"table-file","sha256":"8f3c692c94edb74f422b674bf93767f3bb3bfe37de244be472ac4074ccdc8695","size":189,"artifact_path":"wandb-client-artifact://qnr2rer3rpo94yy2qduf4yiffdmid5qvngivpmjeqy3tjp5czyr1f8m078rybla8631z06e5l4rty0ineyo6woj0lb4hc73jhtdl4sitn5w7a0aafimdqtlubx4frtzn/confusion_matrix_table.table.json","_latest_artifact_path":"wandb-client-artifact://315hap8k4fq4hl5znnw9ifzjd0cjzr6woclr34a2glxhurmcsb4ps1yxdkclfjzo4zwkcjxmstx82iqmzgs1jridnuand8ktj8por19i38bw7tt0d8faejzqk8q7y1nn:latest/confusion_matrix_table.table.json","path":"media/table/confusion_matrix_table_14_8f3c692c94edb74f422b.table.json","ncols":3,"nrows":4},"test_f1":0.7878787878787878,"_step":14,"val_f1":0.7602339181286549,"test_auc":0.8716168091168092,"train_loss":0.448828641987493,"val_confusion_matrix_table":{"nrows":4,"_type":"table-file","sha256":"850ff1b4d6cee8d74de5b87245dfe7e175982dafbbb089ffe6c2b45d81a0201b","size":190,"artifact_path":"wandb-client-artifact://aoxpyrg19y534zpm9clr04tuyx8ad7hbggfhy8liheuznjn415j2bqcd278bcfv3xlmt34i77gs0os4k3ktqrgb1bhcaanmc703njf17bgxh1tfbk3w8m3s83wh9zal3/val_confusion_matrix_table.table.json","_latest_artifact_path":"wandb-client-artifact://w61ukal84tjm84kyh0bo4nxckjagrbtbaj1p075smomqfxbjaq6ml6j0xerfvrabvbvjvq5j0fm9mpdbrhrfs64n4ee3c8rzg158qlbbdip9egknlic25rm9hvayio29:latest/val_confusion_matrix_table.table.json","path":"media/table/val_confusion_matrix_table_13_850ff1b4d6cee8d74de5.table.json","ncols":3}}