{"_runtime":293.781275966,"val_confusion_matrix_table":{"artifact_path":"wandb-client-artifact://ltd7oe2d193buo8ycqmu8rbs5y8tg2x6kir4sndlr5w49pgwnveiyay6a5kwskur6p8qrepmp2fhlrpnz9f9ikxvxrhaflnjrmxluzj4jjy9d6euw4ou32oeh549km2w/val_confusion_matrix_table.table.json","_latest_artifact_path":"wandb-client-artifact://5fkksqzeue8ma8wp4kx7ib5z681rbybywnck0q1pc9655eeder4p8kxn3uns456w6skt25qa3n72dfpsr23b8guhmk0avrdfyubgg4fmqwt3u8tlrte7z4kwugfw7oc3:latest/val_confusion_matrix_table.table.json","path":"media/table/val_confusion_matrix_table_11_c2f9574bb1913c396ece.table.json","ncols":3,"nrows":4,"_type":"table-file","sha256":"c2f9574bb1913c396ece5e4b9f0aa367fd4d4ce0f1eace648a42807f634deeeb","size":191},"epoch":12,"val_loss":0.5322579077427508,"test_f1":0.8378378378378378,"test_accuracy":0.84,"pooling_type":"attention","train_loss":0.47114386394328905,"val_accuracy":0.755,"_timestamp":1.7452473671907525e+09,"train_accuracy":0.79125,"train_f1":0.7361769352290679,"confusion_matrix_table":{"size":190,"artifact_path":"wandb-client-artifact://mh1nug7o1x2u7md4ybkrk92spxh79w3wf1swb4arh1bcc890ble84dbrnit1e9jrmebdkqw2zyh9i6eydn3bgra05d8x3x4htq52wdq3c4ivtzh80qkph51haeenz04w/confusion_matrix_table.table.json","_latest_artifact_path":"wandb-client-artifact://tzbjx7spmcrjf8xk4dzwugiqnj5i315gxu06pbbmdkje7qt338ncvz9h742xhrb2dh5e0h14m4du6mkmw70o36b6je87edidzratzi2aoiph3hhjxb8d526rgwt9wegu:latest/confusion_matrix_table.table.json","path":"media/table/confusion_matrix_table_12_1092280118cc80554684.table.json","ncols":3,"nrows":4,"_type":"table-file","sha256":"1092280118cc805546840f454fed573b5f60539dc189026ddecd2a51444a350c"},"test_precision":0.8157894736842105,"val_f1":0.6754966887417219,"_wandb":{"runtime":295},"val_auc":0.8257544439851178,"test_auc":0.8890669515669517,"_step":12,"test_recall":0.8611111111111112,"train_auc":0.8549745416529533}