{"test_auc":0.8575498575498576,"val_confusion_matrix_table":{"nrows":4,"_type":"table-file","sha256":"9601a1b47f5edc54acbdd4fa9bcfe88db566e04f18c35796a041a17c1738ff06","size":189,"artifact_path":"wandb-client-artifact://hbul4rsganxf3m70n0s8r8kxsndeqdua2a9x7w31zrbby3w4ddgfd8e8hrc49xpdd5a23k8bp0v2xm11pmftjzpm4o1vrhvt54j27o7p2bqseuhnvdj7tlkgsqi364mh/val_confusion_matrix_table.table.json","_latest_artifact_path":"wandb-client-artifact://aa9g42esen6erhf6b73h54zefkvg1zq8p8u10ajvl174r65cmi3g13p22cwbuqx0ifvgee3iwzcbyw8ic0timta1sfmuzk9xulvcozvvno02zcjc5q5lxv2h7eug1epf:latest/val_confusion_matrix_table.table.json","path":"media/table/val_confusion_matrix_table_4_9601a1b47f5edc54acbd.table.json","ncols":3},"_timestamp":1.7418681009139848e+09,"test_precision":0.7682926829268293,"train_loss":0.5152069413903005,"val_loss":0.6075692191720009,"val_accuracy":0.6666666666666666,"epoch":5,"confusion_matrix_table":{"artifact_path":"wandb-client-artifact://z2utnessw9b3b81kjpp7nunflh4jigy1qjxa1ekhp7vkp725xa4oqqmtdl5brl832gx50p4godqalml9zcoi8plcxeowbeauducja6w8e7o221yxr4g645d37oa4nh6u/confusion_matrix_table.table.json","_latest_artifact_path":"wandb-client-artifact://e4d6z5c35uydlyu2jhhybuqhygubxb4yyl4s7vp51ciupj6tp6q1jhm0akkfyx7shq7melr5dz1v769a0ukffvx7a8up3lh9vasax2x6k8aq5ge1buuysplw8a2hhub2:latest/confusion_matrix_table.table.json","path":"media/table/confusion_matrix_table_5_e884d38f28cd2108d8d3.table.json","ncols":3,"nrows":4,"_type":"table-file","sha256":"e884d38f28cd2108d8d300a1823817175c5d00e6a497c36131d98892437d3257","size":189},"_runtime":46.902019873,"_step":5,"val_auc":0.8366935483870968,"train_accuracy":0.7494117647058823,"test_f1":0.8181818181818182,"test_recall":0.875,"train_auc":0.8156695205577383,"val_f1":0.375,"_wandb":{"runtime":46},"pooling_type":"attention","test_accuracy":0.8133333333333334,"train_f1":0.6718027734976888}