{"_wandb":{"runtime":0},"acc":0.85930533942768,"loss":0.19555467257744624,"_timestamp":1.740566525616823e+09,"_runtime":0.546259882,"_step":7}