{"_runtime":22.958299107,"train_accuracy":0.59125,"val_precision":0.6031746031746031,"val_recall":0.4634146341463415,"val_f1":0.5241379310344828,"_step":0,"_wandb":{"runtime":23},"train_loss":0.6711640374362469,"_timestamp":1.7410844800883079e+09,"epoch":1,"val_confusion_matrix_table":{"size":190,"artifact_path":"wandb-client-artifact://wuowz24qao40b4gl0kcpo5cwlfv6ny4ullr1zsy4gxxq70w0a87mkdi8rmijmf1boj78xqreqbo8e6fbjqcpwvw1fa92cgddyma3wm7yltsjscwxryun8ej8zlc5rqmn/val_confusion_matrix_table.table.json","_latest_artifact_path":"wandb-client-artifact://2b92xy5xeplh89t6hz8cjjlmqa13znc3ul90s3juas706dxoj5l5kegekacfj2bz50hekoetd5agvx36tlg9y24wv2sqsgwymlglw1bn1g63t0cqbocwo9fwbhg6toke:latest/val_confusion_matrix_table.table.json","path":"media/table/val_confusion_matrix_table_0_4747e57e76c2163e494a.table.json","ncols":3,"nrows":4,"_type":"table-file","sha256":"4747e57e76c2163e494a34c0484e795173f73bf71280d2332a337cce7f983cb7"},"val_loss":0.5998858614265918,"val_accuracy":0.655,"val_auc":0.7271599834642414}