{"_wandb":{"runtime":933},"test_auc":0.9885108647257485,"train_f1":0.9779167480945866,"confusion_matrix_table":{"size":193,"artifact_path":"wandb-client-artifact://5qde0dqptltsjpn6c7o8w1j9wsnry7zcjut24saywbngubt9ds2iei1802iuu6n5xidp3zbaeseqqykrjczi2idp9p89ckmz1uljqnp35muxu37dh7rj5bl4zk4mgq24/confusion_matrix_table.table.json","_latest_artifact_path":"wandb-client-artifact://caxsl1ydvulwoquie7cbj5avc3iiijv5wuocv3js40m2psndec5okqn9560i2prdfn2ng5t1lrprs09dwh3s8dwkrvoi22d7oscqhukekg341e309j43jhz39x26a8ak:latest/confusion_matrix_table.table.json","path":"media/table/confusion_matrix_table_9_f1d1b0803faa968d6595.table.json","ncols":3,"nrows":4,"_type":"table-file","sha256":"f1d1b0803faa968d6595a0572ead643b32a30d0216328fae744c6608412e476b"},"test_recall":0.9321511179645335,"test_f1":0.9595238095238096,"val_f1":0.9657587548638132,"train_accuracy":0.9679568977739968,"val_auc":0.9866396432255916,"val_loss":0.1355838634726093,"_runtime":931.944623625,"_timestamp":1.7453704525323164e+09,"train_loss":0.08394152364331409,"train_auc":0.9941773350795635,"val_accuracy":0.9501133786848073,"test_accuracy":0.9431438127090301,"epoch":9,"test_precision":0.9885527391659853,"pooling_type":"attention","val_confusion_matrix_table":{"artifact_path":"wandb-client-artifact://xrc8h5lhq480zfjm4b0ae75zkrvnrapgmfbkd9uhlkcvhwa6rzzre5by5lcl4ftss1q0rxwih5pazafwe3uvr94vbp5eso4o15lkh4z1ouvyqsgqxypn4tnjucybdkht/val_confusion_matrix_table.table.json","_latest_artifact_path":"wandb-client-artifact://vucwkefjejlsbbic3a1x36hh5unofqiqly12bh0ploijpakry9w3g5uqc3jpqdht7f7yu4ra113b65uwhbt6cpfs8rhn4v6tid657ogkwg79crtfxrxrb2m1g8z7908y:latest/val_confusion_matrix_table.table.json","path":"media/table/val_confusion_matrix_table_8_b83fe626e3748a45bf9e.table.json","ncols":3,"nrows":4,"_type":"table-file","sha256":"b83fe626e3748a45bf9eb14fd1cbe5e5876dbca3a571a51b8990cce555b4e95a","size":193},"_step":9}