{"val_confusion_matrix_table":{"artifact_path":"wandb-client-artifact://w7uil5rezy38zl8hplu99llyamehxwt8mwhuadnl7uxztkuhzt2w66nuqet53wowxssultz03sy15n71uy946cg9aiirs8jfpwii0i6btayy72dj1rv9brvfcbqi9he6/val_confusion_matrix_table.table.json","_latest_artifact_path":"wandb-client-artifact://768kh37a8p4d8ho6jdye7qo8h17msz273ynx08an6woxl1v15ptkbqcsf4n9akvdwiabyhripgzxhws9pqyn92sy8oiee4oebl6w7yuvmvoolk12zndu4yrk77izwmzz:latest/val_confusion_matrix_table.table.json","path":"media/table/val_confusion_matrix_table_21_363bb5b3bb0900852a73.table.json","ncols":3,"nrows":4,"_type":"table-file","sha256":"363bb5b3bb0900852a73f297d897a90f88eded39e0769f67d452a254334611a2","size":190},"test_accuracy":0.8666666666666667,"test_precision":0.8714285714285714,"pooling_type":"max","train_auc":0.9427396924347731,"val_loss":0.504842042819073,"test_recall":0.8472222222222222,"_step":22,"test_auc":0.9099002849002849,"confusion_matrix_table":{"artifact_path":"wandb-client-artifact://xsubj5twyjkazug6vo4nctsfmeh78ewkm18qn699mqiy4awm2bwcrzniaqy35r7dp62v4vcbhv1ygn27zxuhrad5hdabl6o5bllut6it5i5wt881lq2gmj5gt4e2vfk0/confusion_matrix_table.table.json","_latest_artifact_path":"wandb-client-artifact://oxnfldyfldt1654oz6d15n2yz1lzmo08ra7yuzil9m0ar08a5cai8nsaeshooel4x8pign0upml1iixk2e36nt9ss4spy0m0wf779fe3vqbia82154mllyykg9vfwr1v:latest/confusion_matrix_table.table.json","path":"media/table/confusion_matrix_table_22_eeed664f8917c10d9818.table.json","ncols":3,"nrows":4,"_type":"table-file","sha256":"eeed664f8917c10d9818223d0a9edba59569d09a96a90252a9b9e223f6a9b7b1","size":189},"_wandb":{"runtime":266},"_runtime":266.504081499,"val_auc":0.8340223232740802,"train_loss":0.29693913237701053,"val_f1":0.7160493827160493,"_timestamp":1.7452602737854187e+09,"test_f1":0.8591549295774648,"epoch":22,"train_f1":0.8580246913580247,"train_accuracy":0.885,"val_accuracy":0.77}