{"test_accuracy":0.939799331103679,"_wandb":{"runtime":907},"train_auc":0.9757278991985194,"val_auc":0.9816543869767592,"train_f1":0.9581549240949786,"pooling_type":"attention","_step":8,"confusion_matrix_table":{"nrows":4,"_type":"table-file","sha256":"59d214cba66fa86c9f058ed7051921467aa759aef46649fecc2579b4c350bda6","size":193,"artifact_path":"wandb-client-artifact://8efmc5js2t3i1gpfun11zanphkaa6hrjjg86earvgbyby1l2h9ocmbaf0j6aib1nsvqxf6kzgn3c5z3hyu3nm6uasfk5m234ttc1gdinw08mswu4zxh1057r1gxjrt2k/confusion_matrix_table.table.json","_latest_artifact_path":"wandb-client-artifact://ee9sf1qooxlb7nwkopqshv3ec5ibq4c79zy8471aqomqj690t35yjx1mrbomj49x9rwcjzhpu2saimtemg0q4hv5pwdisvnl2u64l5lgozj7awq2o1wsxq9btczdzkvb:latest/confusion_matrix_table.table.json","path":"media/table/confusion_matrix_table_8_59d214cba66fa86c9f05.table.json","ncols":3},"test_recall":0.9244410177332305,"val_confusion_matrix_table":{"_latest_artifact_path":"wandb-client-artifact://1v4bd92g79jonxncw1s4ddgqd8s4bqk5xpv8dir0p909e3yv45vz2jzkdgxa206p4kfnkd02kly1414vqh2u3txp26xpgvain9yoptwr8uvdeyms6evqsqtsqsp153ai:latest/val_confusion_matrix_table.table.json","path":"media/table/val_confusion_matrix_table_7_30e80bcda13ebccdd87c.table.json","ncols":3,"nrows":4,"_type":"table-file","sha256":"30e80bcda13ebccdd87c55c813c80cabf32cca4b47d1d058c37b4d8f496862db","size":193,"artifact_path":"wandb-client-artifact://hih1kylx38klzy7grclti5uitu2famj7c55ja3txdtbcedkhhy9g0ugb7tz1rwiqdi4qpkf4o28pijr42etutooumd8q9swrlnw3lc4w05kc7g9rf1e8ly786ys0a6z6/val_confusion_matrix_table.table.json"},"_timestamp":1.7453598168140028e+09,"val_loss":0.3033887514170285,"test_auc":0.9853733038167324,"test_precision":0.9917287014061208,"val_f1":0.959375,"test_f1":0.9569034317637669,"epoch":8,"val_accuracy":0.9410430839002267,"train_accuracy":0.9390330355876931,"train_loss":0.3148308511058914,"_runtime":905.759611879}