{"_runtime":127.003601371,"learning_rate":0.001,"train_loss":130.86560171738918,"status":"Experiment finished","test_dataset_size":1000,"val_split_size":1200,"pooling_type":"attention","test_loss":0.04193723500961334,"accuracy":0.989,"_step":20,"num_epochs":5,"_timestamp":1.7484531656703734e+09,"bag_size":10,"auc":0.9991649958721548,"f1_score":0.9920462762111352,"val_loss":76.17635580897993,"train_dataset_size":6000,"train_split_size":4800,"_wandb":{"runtime":127},"epoch":5,"target_digit":3}