{"train_auc":0.9776259179755769,"test_auc":0.9872162814977762,"_step":11,"test_accuracy":0.947603121516165,"test_f1":0.9628164556962026,"train_loss":0.32266302565329286,"_timestamp":1.745357157035445e+09,"_wandb":{"runtime":1109},"test_precision":0.9886271324126726,"train_accuracy":0.9398837374167021,"_runtime":1108.073351896,"val_f1":0.9550922213311949,"test_recall":0.938319198149576,"val_accuracy":0.9365079365079365,"val_auc":0.9823440533536957,"val_confusion_matrix_table":{"nrows":4,"_type":"table-file","sha256":"14505ac34354d7808606d6f0e6847aa57c4687adf158da6263fd14362bee0535","size":193,"artifact_path":"wandb-client-artifact://a29kxi6ojskwc1mtdccoqfm0ykvuooo7fdyt17ztlznwpuqlat5mzhkmh0jw00lub8urocuvp9pqtiixq64dm8ihhqw9tf9yi62m13t8jtvf3mqqgqx40ljwxop3snte/val_confusion_matrix_table.table.json","_latest_artifact_path":"wandb-client-artifact://4oq6cycab9eo6puagtbi40bvzgewbkg32obkixfxp8453vyyelr4zsxhww2z3r57rukva53kh4a8mrrkhol8zfj2eo7t8bn2v9p5aqb7pncar1ub59z5uq8ea82jmk45:latest/val_confusion_matrix_table.table.json","path":"media/table/val_confusion_matrix_table_10_14505ac34354d7808606.table.json","ncols":3},"epoch":11,"pooling_type":"attention","train_f1":0.9587227414330218,"confusion_matrix_table":{"size":193,"artifact_path":"wandb-client-artifact://iw4zmqj32i49332yu09s9cano1egtgmszkdmg84w48etmm3bzix9t5kcn5z6jzk4stk701b0tv4mn3nzbacqg4r1037r8gq25hmqlsplpula9jenstwih1sq0c5zi81x/confusion_matrix_table.table.json","_latest_artifact_path":"wandb-client-artifact://alyaba7wvozzeeo8yfzhqwx0pcxi43yikfwmde25ol33cm1p4bwbd69na94of3dfrggvk7mgyp4pw38h9aqj006nfm43qwcu9lt2vorxc6s1bkw5q91q3fr7q3934osm:latest/confusion_matrix_table.table.json","path":"media/table/confusion_matrix_table_11_323b16b147a9f0e22890.table.json","ncols":3,"nrows":4,"_type":"table-file","sha256":"323b16b147a9f0e228903b2427d455fc43e0309debeb2e63f44f082543414ed1"},"val_loss":0.4202654062077532}