{"test_auc":0.8701923076923077,"confusion_matrix_table":{"ncols":3,"nrows":4,"_type":"table-file","sha256":"2a828d99efde74e8ad5e1dbf5a997ed4d04e2e923d806fa763210240bf0a623c","size":190,"artifact_path":"wandb-client-artifact://omwxse89zbp2ro56qj5jlfv1t2ir6sir4bzhur2usbj649vwzp55tru4087la5i4apdwas8kewvsy8tdbpnxi3wji1y1tqq8pw3uxxl3dkbm1ug0uqx4pfp6i8ubxvxq/confusion_matrix_table.table.json","_latest_artifact_path":"wandb-client-artifact://7c7lhkymqmefjd51nwtmq4vljoq5f8o4d2tr0ldnycjxgmfbl2mk17ezl3cvjhb0oz4a744oztkv3vcqcixwk8p6znw6pv5n6i1ue7r8rzblt538eb7bu2schz62gymg:latest/confusion_matrix_table.table.json","path":"media/table/confusion_matrix_table_5_2a828d99efde74e8ad5e.table.json"},"epoch":5,"val_loss":0.5014593710750341,"train_f1":0.6858877086494689,"val_confusion_matrix_table":{"path":"media/table/val_confusion_matrix_table_4_42a0f8f07bdf414a5286.table.json","ncols":3,"nrows":4,"_type":"table-file","sha256":"42a0f8f07bdf414a52860e09545e6af468ebac8e3babcdbc0dc9496872b8867c","size":189,"artifact_path":"wandb-client-artifact://1w67oo9f9sbwin0msh1mbduhtei9pnj7petrqt6j8qxvjyorr1xatig5ibj2gu9ak4sp1qykz785694i390f2k2x5aztgoyrz8jdftlfn82pmpzwagpxbydlokucj9ry/val_confusion_matrix_table.table.json","_latest_artifact_path":"wandb-client-artifact://cav5gbpqh55fvbv23sr2czg1f7gzdr8gcso3mxjeummfmkj662b79a1cvs7bqtacwkjtuz2ibsjujqpeyw2kxyellzkjf5gwrofz17l557xl1j4yd77ttj3hxndhg42j:latest/val_confusion_matrix_table.table.json"},"test_precision":0.8115942028985508,"val_accuracy":0.7466666666666667,"val_auc":0.8486070381231671,"_step":5,"train_auc":0.8234791162660353,"_runtime":47.127020264,"val_f1":0.62,"train_accuracy":0.7564705882352941,"test_recall":0.7777777777777778,"_wandb":{"runtime":47},"test_f1":0.7943262411347518,"test_accuracy":0.8066666666666666,"_timestamp":1.7418670358438425e+09,"train_loss":0.5072795238017159,"pooling_type":"attention"}