{"epoch":25,"test_accuracy":0.8733333333333333,"train_loss":0.84047534720221,"val_accuracy":0.73,"train_accuracy":0.78125,"_wandb":{"runtime":157},"val_loss":1.0741506367242255,"_timestamp":1.7417673015182722e+09,"train_auc":0.8507282571518918,"test_f1":0.8741721854304636,"_runtime":154.364458934,"val_f1":0.5344827586206896,"val_confusion_matrix_table":{"nrows":4,"_type":"table-file","sha256":"6755db8b66c8e84d9ad334be482506efce4583379ce28a0a3fed5ff5cecd3eba","size":190,"artifact_path":"wandb-client-artifact://pr9vwuonmsirmtjouypg776uxhc19bewljah6fqlf7gmsxyn0b29no7jwebvtk931cgsk6wfyzj7ag78xua3vrlf1kebu7rymx07338b06jpc6uaymykl8x21igf52q4/val_confusion_matrix_table.table.json","_latest_artifact_path":"wandb-client-artifact://0ex9n2ueaae6zjytu2958qrqws2pygb0zgj8d576uhizud82gsu3cqlsd4j6rrz8xhtfwfnqaql6lx22hybge44l73qwpnl47nbrjkxmmqaruqkn0gidhflwrucu9bd6:latest/val_confusion_matrix_table.table.json","path":"media/table/val_confusion_matrix_table_24_6755db8b66c8e84d9ad3.table.json","ncols":3},"confusion_matrix_table":{"_type":"table-file","sha256":"a7bd95d2f337b2988c105e3fc16a7b7dee4328322316931d21b28ae5f81c934c","size":189,"artifact_path":"wandb-client-artifact://4xlb9owhvimeldl48eydt3g342jx7u7jfrrwhhhyeqr2xf87h2ngkjki3lkvear2vy5xeubiafbg28c84reczhhq4y0i4kt56rd21gnq4iacehsu2mexrepc156q68e4/confusion_matrix_table.table.json","_latest_artifact_path":"wandb-client-artifact://lnn9lsv896eze1gil3tmegzzxwcifb38zqj0rh6zdu9c72u0dw5aqswsc2pgcm8q854721wupqb9u56h72fdxxi25zeplchdl2taj94vrgdnppq2ct5qb4g0vjwuwu0a:latest/confusion_matrix_table.table.json","path":"media/table/confusion_matrix_table_25_a7bd95d2f337b2988c10.table.json","ncols":3,"nrows":4},"train_f1":0.732824427480916,"_step":25,"test_precision":0.8354430379746836,"val_auc":0.8628565522943366,"test_auc":0.9261039886039887,"test_recall":0.9166666666666666}