{"_step":0,"accuracy":0.984,"f1_score":0.9884225759768451,"auc":0.9989715768368912,"test_loss":0.0431989944128031,"_timestamp":1.748451773064814e+09,"_wandb":{"runtime":91},"_runtime":91.176323754}