{"val_loss":0.15293933897311068,"confusion_matrix_table":{"sha256":"044ad0fb5eb60a60ad7c13660ca64eeb82446f71e90455adf1ddeef28171caec","size":193,"artifact_path":"wandb-client-artifact://7ofhmxcqb3z0umcamomtrcgnjglsf3lihl9xqv6xmhzob2f8onrezbz04nlh8zjjazzpgpfdtz40vabxoaogkalggvk73est3y0b26xdinssg7e92pldbnnzc7j09mwh/confusion_matrix_table.table.json","_latest_artifact_path":"wandb-client-artifact://t59gvb6doqrlapfbwb0wxucsk3inyfnp3pfi8gcn25xqvoodcd2u3j7nakcecv5ve4b7gouixua3xtisof9bat2ed41kgak90agy9ypkpbe4ehhhutftq77pg4i2hrmy:latest/confusion_matrix_table.table.json","path":"media/table/confusion_matrix_table_15_044ad0fb5eb60a60ad7c.table.json","ncols":3,"nrows":4,"_type":"table-file"},"_step":15,"train_f1":0.9849697442904548,"_wandb":{"runtime":1510},"val_confusion_matrix_table":{"nrows":4,"_type":"table-file","sha256":"f5f27b256f05f9b165069a14b29be55f9aafb334953947394cce043a34175927","size":193,"artifact_path":"wandb-client-artifact://w7qgm6um1tg2xyn4fwuuz3ew4wzcji1jtofj6l74m9fw2hp4774t1assry15ib18sgeevnwpgcn5lex4amr5hm5lbv6uye2torbzl6htb3luaka55qrl1k52faqa3ulg/val_confusion_matrix_table.table.json","_latest_artifact_path":"wandb-client-artifact://viacb9cigkf0sj7o6whmhyno1o24iekza5mosxq7wqxzv1itssd3xo659id2cau2ezc8oaedzrnfczuxjuyi0xh2ogvb7u85wzgs4xbu3ss2mb39kr6tqb0kirzkf1x1:latest/val_confusion_matrix_table.table.json","path":"media/table/val_confusion_matrix_table_14_f5f27b256f05f9b16506.table.json","ncols":3},"val_accuracy":0.9455782312925171,"_runtime":1508.670592158,"val_f1":0.9621749408983451,"test_f1":0.96700706991359,"train_auc":0.9964778021574932,"train_accuracy":0.9781653197221041,"test_precision":0.9855884707766213,"test_recall":0.9491133384734002,"test_auc":0.9889793657860813,"test_accuracy":0.9531772575250836,"epoch":15,"val_auc":0.9865372899117,"pooling_type":"attention","train_loss":0.0627554860389244,"_timestamp":1.7453695164390798e+09}