{"test_accuracy":0.8533333333333334,"val_confusion_matrix_table":{"_type":"table-file","sha256":"a3a63c33deea073850587cef65b462227bcef2d6a8aef1b24908cc46cf9312e5","size":191,"artifact_path":"wandb-client-artifact://4227kuox4vg9noxbcjby647d5vjm0penw30ai4wpr8x33v5knivbp140r2nid1k0duiq02sfesc1k14mmyppbc2dunuvz4vcwu8335341qazmxivrndzy7ryggoxr9o4/val_confusion_matrix_table.table.json","_latest_artifact_path":"wandb-client-artifact://zs3xwgsjs3n7kzq04zt1faphbkjnkgvww1xq5j0neozhow9kpsmktxwgmpeb4ah9ll5qjq11800vsq7ty48j3avalq8dmwpmf1d90fx76ekshe4j1w5ep6oafi7lnqgh:latest/val_confusion_matrix_table.table.json","path":"media/table/val_confusion_matrix_table_43_a3a63c33deea07385058.table.json","ncols":3,"nrows":4},"_timestamp":1.7452585096473215e+09,"train_auc":0.8934008350595963,"confusion_matrix_table":{"size":189,"artifact_path":"wandb-client-artifact://xfk0mz2imid7crcjhy6yuanbx5rgyxwuzsjhhwxr3js5qg0synxlvuc93cat82eqheqin0le65ds2uui3rxi47k4glr3vefcusreib51dmtrxru2fvh4r8deka7vk1br/confusion_matrix_table.table.json","_latest_artifact_path":"wandb-client-artifact://cmylg2medec93r9ip22tat6n8ymp6dkooqdv5xgu6alwoobbxe6zlp3u69fj68ro0zw76ewahpqazklqu75rklt0unk1gx4928w2833jnw8q62iw4e4l3a59pds873gy:latest/confusion_matrix_table.table.json","path":"media/table/confusion_matrix_table_44_191358613d343575d874.table.json","ncols":3,"nrows":4,"_type":"table-file","sha256":"191358613d343575d87450d0635ac7124b19f2a4fea51bdc14df12d3322d0468"},"val_loss":0.41630616734037174,"val_f1":0.7402597402597403,"epoch":44,"_wandb":{"runtime":392},"test_recall":0.7916666666666666,"_step":44,"val_accuracy":0.8,"test_auc":0.9123931623931625,"train_accuracy":0.8275,"_runtime":392.144247658,"train_loss":0.40421715809294256,"pooling_type":"mean","test_f1":0.8382352941176471,"train_f1":0.7795527156549521,"test_precision":0.890625,"val_auc":0.8930343116990492}