{"val_accuracy":0.74,"val_auc":0.8685850439882699,"val_f1":0.6060606060606061,"val_recall":0.4838709677419355,"val_confusion_matrix_table":{"ncols":3,"nrows":4,"_type":"table-file","sha256":"b07fe114d5f74413d651994f90c3daa1980b77aaee220fcb2a723804e165f57c","size":189,"artifact_path":"wandb-client-artifact://kcvzpyp2iozizr4w7p5ze9p0nxdrih9rnwrlcbtfx8is8tk2p003xukn04p67mv53wpxh58f8ip4vz0mwks3zch1mg77ieta2luuu1u6st14jdrcquxdvgqcnvxjuhas/val_confusion_matrix_table.table.json","_latest_artifact_path":"wandb-client-artifact://iq4iqu6fx34l151pq02x3c40bjpw2bv3r8bxmo3ptap22wtht016ehmhogcj6zqxp7ljqfo8fboc0n89txm20o9ro7omo2n7jaqy1rowwnht6glxebcs1aixp22btbw0:latest/val_confusion_matrix_table.table.json","path":"media/table/val_confusion_matrix_table_24_b07fe114d5f74413d651.table.json"},"test_f1":0.803030303030303,"_runtime":163.874332444,"test_accuracy":0.8266666666666667,"_timestamp":1.74109379772227e+09,"test_recall":0.7361111111111112,"_wandb":{"runtime":163},"confusion_matrix_table":{"ncols":3,"nrows":4,"_type":"table-file","sha256":"f67b2c4c3dc22fa2257d44ec4ce3a66f81b9f263641ae65323626de9ade5a90d","size":189,"artifact_path":"wandb-client-artifact://pei46ml0yhnljx2my1gs0kas71j8mri5acepjvoy3dvp4n41fgpf8nolsithso25jd5suyk4vikp4d3j04x60f4ovxsvsr1z6b68mkum2nd9wtoipnt90s3m3pssyh02/confusion_matrix_table.table.json","_latest_artifact_path":"wandb-client-artifact://5qa8caq0xzhhypjyaknquadcxbk7rskmuwko7lwoy8pdenk4vtzg74ibd0pniyrfebfkeqp882yaelwa46o9sq3quuy5uoripnogto1dypkw7wc08i1oilh8c6ttrur5:latest/confusion_matrix_table.table.json","path":"media/table/confusion_matrix_table_25_f67b2c4c3dc22fa2257d.table.json"},"val_precision":0.8108108108108109,"test_auc":0.8840811965811967,"test_precision":0.8833333333333333,"train_accuracy":0.7941176470588235,"val_loss":0.5111211447728177,"epoch":25,"train_loss":0.4578551377858693,"_step":25}