{"train_accuracy":0.9683822486885013,"val_f1":0.9698608964451314,"test_f1":0.9614926558157999,"train_loss":0.07911014143792962,"test_accuracy":0.9459308807134894,"_wandb":{"runtime":1050},"val_auc":0.9859191083889101,"confusion_matrix_table":{"path":"media/table/confusion_matrix_table_10_a5fc0c4c805caaaf2e59.table.json","ncols":3,"nrows":4,"_type":"table-file","sha256":"a5fc0c4c805caaaf2e593d1503e20cf5d82fe4d1860b8d857a11cdd052649251","size":193,"artifact_path":"wandb-client-artifact://ne8myhl2xz461amrds8jkye2rfxavkcl5rn05tczrg76t03kroqfn1u0qr39jwl3gkzl7gbxvver21cs2n481855i7lqt2qogx3h0ikn9cllj5f8dxq88k0rd73ol30m/confusion_matrix_table.table.json","_latest_artifact_path":"wandb-client-artifact://yef2foeci6txp0hh7f03ydsfzz97ejo76ifkn9rosho1kpjj08uelvbqzmzrtfu4mjap2v0p82ru31k8zl6h4z1008hrf89bk93ekmj3dd0lsmr4qs5nakgv43lchz25:latest/confusion_matrix_table.table.json"},"_runtime":1048.688404153,"train_f1":0.9782034991691917,"test_recall":0.9336931380107941,"_step":10,"test_auc":0.9884697545333684,"val_confusion_matrix_table":{"artifact_path":"wandb-client-artifact://t939pjlu4wo6kis8wm9xb8s7wpcciy3wg1rwqhj73k73ylv33bkcucqlmi829xpoujshdrfg4yv9kqtub96mx05aohhdmb2vrhxtt1l8py1rm14rc2pcqtu91igmmoen/val_confusion_matrix_table.table.json","_latest_artifact_path":"wandb-client-artifact://gj7ws4ne54xkat0lueogfxyvjb4dfmfgmd61b30bxh7bbbnxyx843ucesas45pe4xpzv6kycwchypcxx22cr2lw99suhndun6bxmbq1wt9giwyul9mylc6n7abqv0yq7:latest/val_confusion_matrix_table.table.json","path":"media/table/val_confusion_matrix_table_9_9cd039fdef8802ce1d5b.table.json","ncols":3,"nrows":4,"_type":"table-file","sha256":"9cd039fdef8802ce1d5b056af71c1784137a68efdef607c98b97a223baf0b58a","size":193},"epoch":10,"val_accuracy":0.95578231292517,"test_precision":0.9909983633387889,"train_auc":0.9949043040262318,"pooling_type":"attention","val_loss":0.1492495450917198,"_timestamp":1.745343349093404e+09}