{"train_auc":0.9306784375221833,"val_loss":0.5399295044297469,"test_recall":0.7638888888888888,"_runtime":386.776176898,"test_f1":0.7801418439716312,"pooling_type":"attention","val_confusion_matrix_table":{"sha256":"7cef20bdd06da7a9cf43c67a7db30e51917eb92bc965d3522336900645f3fcc4","size":191,"artifact_path":"wandb-client-artifact://l6jay5j9asf6c53xsjzekf9hx59ypx6hn9xjk07aviltdsvag4aevputw8d5tkxjz56pmr1oc88grmx1qvyh8vz5fk4hk3h5rytowljywvcvmin2m04mmqqa0hb58n57/val_confusion_matrix_table.table.json","_latest_artifact_path":"wandb-client-artifact://o3z13mj5bpuwmyqg99u552k2gybcru7g3pfpg5a6pp63tut7xigw4aqfibdrhf5gp9b46ix7t0eueec7rwd6ixnzvxqd1op0tphos51nu9iobuof9e1s6m4vb463awpe:latest/val_confusion_matrix_table.table.json","path":"media/table/val_confusion_matrix_table_27_7cef20bdd06da7a9cf43.table.json","ncols":3,"nrows":4,"_type":"table-file"},"val_f1":0.7547169811320755,"test_accuracy":0.7933333333333333,"train_loss":0.32466709021020507,"test_auc":0.8810541310541311,"test_precision":0.7971014492753623,"_step":28,"val_auc":0.8483877635386523,"confusion_matrix_table":{"artifact_path":"wandb-client-artifact://87c15s1faa1b49u5zgowalrnl2p9cpurza3kp2ocgkak585q06k8aq6y8vp9j0rvf47gpxlv9i3i3qqxj4sm1now2rzepflxj1sreyhjxbxtukkve5ue487mc2p2d713/confusion_matrix_table.table.json","_latest_artifact_path":"wandb-client-artifact://04x4mqbtc0ulaphrvjl9j2kneg9fxpi57l4aljfnetzdtqt0r3ut2cou4kwbolkfmveic6f7lkhmnvkh33r9y4cflwxwkwnbytwfszz9emtjrdjvt22oezyfbqb58npu:latest/confusion_matrix_table.table.json","path":"media/table/confusion_matrix_table_28_8deca9f62fbe023063a6.table.json","ncols":3,"nrows":4,"_type":"table-file","sha256":"8deca9f62fbe023063a6061d3c786e108da5ef298a90c0a798a4dba134d95ef9","size":190},"train_f1":0.8348909657320872,"train_accuracy":0.8675,"epoch":28,"_wandb":{"runtime":388},"_timestamp":1.7452530927806525e+09,"val_accuracy":0.805}