{"val_accuracy":0.7,"val_auc":0.8054981397271599,"test_recall":0.9166666666666666,"val_confusion_matrix_table":{"size":190,"artifact_path":"wandb-client-artifact://rflfoet1t5ja2hxtt4q97gryjjth0uha9jgfwaavetkfcpkq0wuq9t9adlea34gzrvd808nv42jqgi4kupvvs849kcaacyu1ipbvm9yw9dme9gdp6t5bl8gae0ls3eav/val_confusion_matrix_table.table.json","_latest_artifact_path":"wandb-client-artifact://hwf5kdbv5xbt5zjcatgj4i4uoygmgh6wzc28uk2w4vjdm87to556yunvbzli6wgm57st30bu1cq62z0gne30nbvz0bnwl2ww4knjfvhyj4o5s0l1l2ve1yek9uqjip0a:latest/val_confusion_matrix_table.table.json","path":"media/table/val_confusion_matrix_table_34_f79a036b071af4081f63.table.json","ncols":3,"nrows":4,"_type":"table-file","sha256":"f79a036b071af4081f63075070b3d4c3aa2a36507224bfd60ee2f4c4754107c5"},"_timestamp":1.7452609071455414e+09,"test_precision":0.7333333333333333,"train_f1":0.8641221374045801,"train_accuracy":0.88875,"train_loss":0.2732488132049184,"test_accuracy":0.8,"confusion_matrix_table":{"ncols":3,"nrows":4,"_type":"table-file","sha256":"feafb80c7c19c7a72bdfdd92e624312d976115e38cf22bde916a6dce3ad4f448","size":189,"artifact_path":"wandb-client-artifact://sl32ctmenkgi5iakwtw645co4qryrur5ecul9ehnq502aqzkb539quavwpxlh9ipdvlzbx0mvdue123ykcvrp5q0bkfk3ei36vbem8el0oxwhlyvrisw35gpzu45o6y1/confusion_matrix_table.table.json","_latest_artifact_path":"wandb-client-artifact://1v6sn7jzfvfjwop65zrwl12nn8a8fhn4935t247xs3h3l83tkboq23k5kvnni171bbsqwp70e1o5ndy13dze2jp4cdch1hyyw21bd0ttdssvrlutb0fih7kvkfvl77zc:latest/confusion_matrix_table.table.json","path":"media/table/confusion_matrix_table_35_feafb80c7c19c7a72bdf.table.json"},"_step":35,"_runtime":301.673171428,"_wandb":{"runtime":301},"test_f1":0.8148148148148148,"epoch":35,"train_auc":0.9533199104279196,"pooling_type":"max","test_auc":0.8737535612535613,"val_f1":0.7029702970297029,"val_loss":0.7330503704736475}