{"_timestamp":1.7452550356235814e+09,"confusion_matrix_table":{"_type":"table-file","sha256":"bb33f63844eb10c601952cfaf0e099da4aa15d574c8d0fbf7cb6e7476509717b","size":189,"artifact_path":"wandb-client-artifact://72pznt4781tyywryee2ngsp4ergitoh8fsdxg4r53vrfhax3cs4zxkdnbiq8du9ci7v6n861jtja5gxztlopw8cqxf9huvhdk7st9nvuhxgptlm6boit4j3muqo2jzom/confusion_matrix_table.table.json","_latest_artifact_path":"wandb-client-artifact://35bzc1iy0h9q5eik8xcpzygakwdegtu1jj21n2idy0rqwwkp1c13ldor2cevwvguf8mzk47jextiol0814o7nvsv0nx0q0wsuced8fswmbrv3h80ws4ti31r8px0vfxe:latest/confusion_matrix_table.table.json","path":"media/table/confusion_matrix_table_34_bb33f63844eb10c60195.table.json","ncols":3,"nrows":4},"_step":34,"epoch":34,"train_auc":0.8913454526681253,"test_auc":0.9168447293447294,"test_precision":0.84,"val_accuracy":0.775,"test_f1":0.8571428571428571,"train_loss":0.4129895227948873,"val_confusion_matrix_table":{"nrows":4,"_type":"table-file","sha256":"17e09b648ee711f681dee2a1c17174ef522ae372dd56ed99d295f574530a2e95","size":190,"artifact_path":"wandb-client-artifact://z684rf2s3ypw8nuvq1ddo4jc0m3re64v4uo0f88wpooba8mstq85pg03rdaamgvfpy3m46quvx5otkmlfci1pu9x03fy7bk5691ql7t68p25km42fdk4gjjrsso2q0rn/val_confusion_matrix_table.table.json","_latest_artifact_path":"wandb-client-artifact://3nfg0i0gyekf949ayjwt1vcysg9k7fdaxbt4laqpa6enhwl7ag4nvjcq049gtas9vf26y60ip2yyirg6qm50ge9l7naegozfl7q9ph3pshfocp5ckxv2f1u3253z0n04:latest/val_confusion_matrix_table.table.json","path":"media/table/val_confusion_matrix_table_33_17e09b648ee711f681de.table.json","ncols":3},"val_auc":0.8502480363786689,"train_f1":0.7849293563579278,"val_f1":0.6666666666666666,"test_accuracy":0.86,"pooling_type":"mean","val_loss":0.5187354717031121,"train_accuracy":0.82875,"_wandb":{"runtime":280},"_runtime":280.950157088,"test_recall":0.875}