{"train_accuracy":0.805,"_wandb":{"runtime":303},"train_f1":0.7678571428571429,"test_auc":0.8721509971509972,"val_loss":0.5384348117932677,"_timestamp":1.7452617964268389e+09,"val_auc":0.8009508061182306,"confusion_matrix_table":{"size":190,"artifact_path":"wandb-client-artifact://60su7mrpp9slmnlgv2msqoqgqb2ex21mfzho2l3nxbgwom0gljwnx655qqbq7vqqzqm04u5jq2dlu3fbfdqydwmp6wqe20qz4b1ktq98rii0fuh88pwa7nj8m8aael6r/confusion_matrix_table.table.json","_latest_artifact_path":"wandb-client-artifact://rjz7qh0m0tl1e7rzsa963jcs6ouwgqglfco8gr9cyuz3uqbj90cbwgralj0hl639unx9ncgxi00wpudi86skiekylh5vtzlrs8agh47r8chvkrwkt6ib00ncspbnnda9:latest/confusion_matrix_table.table.json","path":"media/table/confusion_matrix_table_22_baa0b171fe758caed2a4.table.json","ncols":3,"nrows":4,"_type":"table-file","sha256":"baa0b171fe758caed2a4296a03c64e835c35a0d88249444c9c472af0e3b24a21"},"test_recall":0.8194444444444444,"test_precision":0.7866666666666666,"_step":22,"train_loss":0.44376637941226366,"val_accuracy":0.715,"test_f1":0.8027210884353742,"pooling_type":"max","val_f1":0.6627218934911243,"val_confusion_matrix_table":{"artifact_path":"wandb-client-artifact://ig03f657c3nyd3wxfvbehjbfl8zbfc8o1je26a1mqmf394vs8liegv78c6uir4efelel4bb5tix7cvph3icsezdkl76onkj4iiagb6e4zxgdel59u8v9qwosidw222zb/val_confusion_matrix_table.table.json","_latest_artifact_path":"wandb-client-artifact://arfmmmyzftxi8x91qmlxtxbff22gwk10uweebe8zxa06d5yma08e4lxff30q3iznzdjoet7se4s0kkebeinrj5ir4kcg3nfbqeuvq5o2clcg77apeejcnfx7a1w9a4vj:latest/val_confusion_matrix_table.table.json","path":"media/table/val_confusion_matrix_table_21_bab137bdf361a45532cc.table.json","ncols":3,"nrows":4,"_type":"table-file","sha256":"bab137bdf361a45532ccf0b916ba8ada5a18c9e3fd9807e5221ea3ba4a001cd9","size":190},"_runtime":303.078608458,"train_auc":0.868736246361941,"test_accuracy":0.8066666666666666,"epoch":22}