{"_step":20,"_runtime":128.872556268,"target_digit":3,"auc":0.9987451350395093,"test_loss":0.041441350724151164,"test_dataset_size":1000,"val_split_size":1200,"f1_score":0.9884393063583815,"_timestamp":1.741862865671954e+09,"status":"Experiment finished","train_split_size":4800,"train_dataset_size":6000,"train_loss":160.99604975090384,"_wandb":{"runtime":128},"pooling_type":"attention","learning_rate":0.001,"bag_size":10,"num_epochs":5,"val_loss":36.81408641879139,"accuracy":0.984,"epoch":5}