{"confusion_matrix_table":{"sha256":"606ac207b9ba783cc5111cbfe0ae22047957d4eb6300c49da50824aadc5580ca","size":193,"artifact_path":"wandb-client-artifact://h6clc6cthpewbzs32n9es1xqr661jch8zzkvdkzsybdgk5o12afil9sw7jphq2riononbd3irya6i3jf44aj4o1rfezlcr5gn7cw4hpsdoyn16f4bjivz4fsoi6x5nn6/confusion_matrix_table.table.json","_latest_artifact_path":"wandb-client-artifact://4cp0pnrevd42cfthurgi3kuc2iy6s0vm081pgp50o80ct5uhampdl4ln5q3owef6koec01dggfx79xijm4znzaqst0p4tvyw24ansovcfy0988eq7g8zq9xvld0x4buh:latest/confusion_matrix_table.table.json","path":"media/table/confusion_matrix_table_15_606ac207b9ba783cc511.table.json","ncols":3,"nrows":4,"_type":"table-file"},"val_f1":0.9630781189273222,"val_accuracy":0.9461451247165533,"test_precision":0.9901234567901235,"_runtime":1489.192820966,"train_accuracy":0.9376151992060117,"test_recall":0.9275250578257518,"test_accuracy":0.9409141583054627,"val_loss":0.3587551956575478,"test_auc":0.9868245711741537,"train_f1":0.9571400740307813,"_wandb":{"runtime":1491},"_timestamp":1.7453392811352496e+09,"val_auc":0.9823099355823984,"train_auc":0.9732421950853016,"epoch":15,"test_f1":0.9578025477707006,"train_loss":0.34966642664995695,"pooling_type":"attention","val_confusion_matrix_table":{"size":193,"artifact_path":"wandb-client-artifact://3w28nwsf2fd3pqoln3sjkgemgtj7gzzeewgbkpa3j64murnmo80s599o4x5ce9hjtg1pb0b0opvyw3f08ighuyivpb2kg1ah2sf3zqmzgezsbse83a9cetzjqbje3e7u/val_confusion_matrix_table.table.json","_latest_artifact_path":"wandb-client-artifact://ec5pe6mojkd8dip8wng4gnehvujuverj2dh69rhnw00bomndkmg6mb4knydj2s00bc9twf9hvf1xdowqvbhqg9viz4o6dcbfo2hk2djy009vtx6ykcl9wq1z0y26iwua:latest/val_confusion_matrix_table.table.json","path":"media/table/val_confusion_matrix_table_14_2476e9bf771174861d24.table.json","ncols":3,"nrows":4,"_type":"table-file","sha256":"2476e9bf771174861d244fc609d4c2ba2537e1ab38a55d5c60e5660a692006c2"},"_step":15}