{"train_accuracy":0.9724939741953779,"val_accuracy":0.9501133786848073,"test_recall":0.9506553585196608,"test_auc":0.988576020502351,"train_loss":0.0696772642464064,"pooling_type":"attention","test_accuracy":0.9542920847268673,"epoch":13,"confusion_matrix_table":{"nrows":4,"_type":"table-file","sha256":"c5b17a0930708e10bd48892b3ce83773d7512c154d558d9fd16af22b446483c6","size":193,"artifact_path":"wandb-client-artifact://ow3rtbzrgyw3yb9m648xv629xr82wjttj2fh0jxa8rznd5du6srqllu6287fb646vq4yh5a5kx9evjuo0t99d5iubc0yid42wyfg7xzco9rzx5pe8w886m5vz82q1wcm/confusion_matrix_table.table.json","_latest_artifact_path":"wandb-client-artifact://7dbr3zhlm2up74uiooi18u4kwv03pgabap16vmx9qq9b7jl3xgddj85lzgi2ge1lo93rjrn5p2asmphh0v1ywfit424ay2ilvw6nimzthczffcsdde1c5l9fncsp5i9x:latest/confusion_matrix_table.table.json","path":"media/table/confusion_matrix_table_13_c5b17a0930708e10bd48.table.json","ncols":3},"val_auc":0.986027147998018,"_runtime":1280.684247829,"_step":13,"train_auc":0.9958101049954424,"test_f1":0.9678178963893249,"_wandb":{"runtime":1282},"test_precision":0.9856115107913669,"train_f1":0.9810509865208048,"val_confusion_matrix_table":{"_type":"table-file","sha256":"7205ca5da510fb9afa83ab78b1988648f986402718d0298264c61596b5046881","size":193,"artifact_path":"wandb-client-artifact://4x42fbwcw8ac57ahf8ezq9v1zciiy50r1yoehnf0h9s6g251qlsi9huaw756q2abku87urg9yljebko6p50fjo42gatlfpq1tsumz1f7e0dq7bcj3gpyfphqijme99ck/val_confusion_matrix_table.table.json","_latest_artifact_path":"wandb-client-artifact://fo0s1nm0un1msuayczeaj7ba01n1l4a0n5hoj75mrlxtc222vshv8cavlczqcy9a6rc5fw6igio9w4ggwop25y63wl6micnppehplu5jiddcnwsnq0vcnq4hhps3gph5:latest/val_confusion_matrix_table.table.json","path":"media/table/val_confusion_matrix_table_12_7205ca5da510fb9afa83.table.json","ncols":3,"nrows":4},"_timestamp":1.74536372170532e+09,"val_loss":0.14902097373859843,"val_f1":0.9657320872274143}