{"_wandb":{"runtime":129},"auc":0.998377167118764,"test_loss":0.07545187881681577,"_timestamp":1.74845167990505e+09,"_runtime":129.814896167,"_step":0,"accuracy":0.975,"f1_score":0.9817651349380014}