{"train_auc":0.9863991079342249,"_wandb":{"runtime":1480},"test_f1":0.9676910953506698,"_timestamp":1.745330477389583e+09,"val_accuracy":0.9546485260770975,"train_loss":0.1653982487345408,"val_f1":0.96852871754524,"confusion_matrix_table":{"ncols":3,"nrows":4,"_type":"table-file","sha256":"742f370d5a2e72cfddef7e48b9af2aa02ecc97dfe2d59e820f34801c36450bdc","size":193,"artifact_path":"wandb-client-artifact://nxiu85tx6ueqm9tp6ifnlbdaxd9t4y82721pw9haddj1qz5fpfikc5xdpryd3iow9kopaah57jskvxxjxndjppbywq2pc7ys62d24w4s4d77a0bb3g4q37hh9xlh581i/confusion_matrix_table.table.json","_latest_artifact_path":"wandb-client-artifact://i6oina6fp8tpg3ji1gif4ssd77tbqqsv0kt9l11ujn47tmcsjvbevg56rs99hhbaa1z9uhi68yzp1bgosgi0z337f55stj5f42cag7zdhg3bnp694omyugosf49b20ml:latest/confusion_matrix_table.table.json","path":"media/table/confusion_matrix_table_15_742f370d5a2e72cfddef.table.json"},"val_auc":0.9883650276597646,"test_accuracy":0.9542920847268673,"pooling_type":"attention","test_auc":0.9891950003800754,"test_recall":0.9468003084040093,"train_f1":0.965409724252168,"val_confusion_matrix_table":{"size":193,"artifact_path":"wandb-client-artifact://j4xtxdmn6inkjrgw8rs2sn3q0win1d3fl7szot3fa05usaysijbpv1spx1zwj9tr4c6fwm46a8puqrgs4p0ycoctat3puj2ry0cdzsjdpuljbxdoaniqy8rop4cyjnfy/val_confusion_matrix_table.table.json","_latest_artifact_path":"wandb-client-artifact://8jjilalusc3jwlwxflilp9tcsl0m636tv4ip2h6069k6akmwyshigzsloxpeknpk8gjtltll1m6g9rvlmd9o9fyvw6d09m6of3aa5jxhhle8ul47clod659kxtzxr2ws:latest/val_confusion_matrix_table.table.json","path":"media/table/val_confusion_matrix_table_14_ffd949618939369006e3.table.json","ncols":3,"nrows":4,"_type":"table-file","sha256":"ffd949618939369006e3d1043db4c5f2c65bd99e398134a6a5885044b8eee356"},"epoch":15,"test_precision":0.9895245769540693,"train_accuracy":0.9496668084503048,"val_loss":0.17832626575441468,"_runtime":1479.21051193,"_step":15}