{"pooling_type":"attention","confusion_matrix_table":{"path":"media/table/confusion_matrix_table_16_23d16a20aac6b09000e2.table.json","ncols":3,"nrows":4,"_type":"table-file","sha256":"23d16a20aac6b09000e27e0e70ac86b4263f614fc81ba7f1c926e5a7a76a9e2d","size":189,"artifact_path":"wandb-client-artifact://y8qzp5zp1tazhrw68fphd4vnh1u9cttx16gzfhrnvgrb1ijuspeomhp60gh4yjv56snzu7wll04r63zegtb7jmjibhjh9vek6i9ar3kprx8tf3fybs7iylmd24gkrqpz/confusion_matrix_table.table.json","_latest_artifact_path":"wandb-client-artifact://dwr3q8ys6f9gcon0wfb5nulfrtbjmn3ya8j8p23uz6pzuyfwxami5h3vfjjs8ntuxq3pcog6srs4zadc6jata3inbblvltxyuul1cbmm7q6jahh0mfbfvq58w7o1cg85:latest/confusion_matrix_table.table.json"},"_wandb":{"runtime":229},"_runtime":228.563368536,"train_accuracy":0.8375,"_step":16,"train_f1":0.7955974842767296,"val_f1":0.5985401459854015,"test_precision":0.7647058823529411,"test_f1":0.8280254777070064,"train_auc":0.9016094579856607,"val_auc":0.8307151715584952,"val_confusion_matrix_table":{"ncols":3,"nrows":4,"_type":"table-file","sha256":"49b773bde5dbdd3a2a90f401f1accd9836cc48cfeb0d217e40a2f6d7022c3335","size":191,"artifact_path":"wandb-client-artifact://aoszlk9xdazy99syk34iviw09r60xk9evq686bgkbnoepl0evrr6bdzdkg2u6hy2fse22866e17tvnyqq9xsecffuvcmb7ep1jqgpib8yuzmsp71tfw7kv6jevulvhgz/val_confusion_matrix_table.table.json","_latest_artifact_path":"wandb-client-artifact://a2xf5olwqyp5hoth0vcnzyeqov9pef5xrkd7zf6x1b87rziyenwbw3ceamhv106rfc4n17xwkswb1y0vgu9yktffxbfnc88lfgxgm18ngcgxp33y3fse8cl9s7g1s81f:latest/val_confusion_matrix_table.table.json","path":"media/table/val_confusion_matrix_table_15_49b773bde5dbdd3a2a90.table.json"},"test_auc":0.8986823361823363,"test_accuracy":0.82,"val_loss":0.5608966867951676,"_timestamp":1.7452537515297782e+09,"val_accuracy":0.725,"test_recall":0.9027777777777778,"train_loss":0.387608534868632,"epoch":16}