{"val_confusion_matrix_table":{"_type":"table-file","sha256":"03d3f823bcb39614a7495122843ed1c00821fd0d84e1824abc5d44aabdbbee6f","size":193,"artifact_path":"wandb-client-artifact://n1xqjmre3hhjp460xsqjqjndnee0tmbljfe36cvw1h181vndoiewtxqhx6rtkyqkwl8et1d4tc27e3tmd5j7u1ieo5pzay8ozxhcxamu9or9cxy90s8r6vkrxjo1anat/val_confusion_matrix_table.table.json","_latest_artifact_path":"wandb-client-artifact://wvz02dvwm37owmruzehm3e8554yg3rw5dbanp5ezn9ygmjozgpgb5udvm9jjcc66nqyue0y1o1rhkyqwcrii0vlpde0l4o12fv3uv7z39ptuzmm5o8xp2mcecngezsil:latest/val_confusion_matrix_table.table.json","path":"media/table/val_confusion_matrix_table_14_03d3f823bcb39614a749.table.json","ncols":3,"nrows":4},"train_accuracy":0.9743371614915639,"test_accuracy":0.9459308807134894,"test_auc":0.9885589558941933,"_runtime":1492.302468943,"train_auc":0.995689883922869,"test_precision":0.9909983633387889,"_wandb":{"runtime":1493},"train_f1":0.9823328452903856,"val_loss":0.14444682820460053,"test_recall":0.9336931380107941,"val_f1":0.9604651162790697,"pooling_type":"attention","_timestamp":1.7453422968700857e+09,"test_f1":0.9614926558157999,"epoch":15,"train_loss":0.06928750746900929,"val_auc":0.9870441825138297,"_step":15,"val_accuracy":0.9421768707482994,"confusion_matrix_table":{"nrows":4,"_type":"table-file","sha256":"a5fc0c4c805caaaf2e593d1503e20cf5d82fe4d1860b8d857a11cdd052649251","size":193,"artifact_path":"wandb-client-artifact://y9vfcmaczbrh03q77znlsgthgncjvlp8nhr2ggz0d0rl7eoegmb1jxbbyf5ocuj7a4n6i9qezld3llah627epnmizfn24egkz9p8ivoyb5icevz2v5u39lkbbudve2qu/confusion_matrix_table.table.json","_latest_artifact_path":"wandb-client-artifact://pjrzde8dicr4zfneq541sto04wxggimo6yyuey398nn49wat33visqufgsrcbaecv2hu5hf3pya5w4r8gbmtwf72xijux9iw9g1luyv88jhdo4iab4z2s1jurp4oiw9s:latest/confusion_matrix_table.table.json","path":"media/table/confusion_matrix_table_15_a5fc0c4c805caaaf2e59.table.json","ncols":3}}