{"_step":25,"val_f1":0.60431654676259,"train_loss":0.3996689115856134,"epoch":25,"confusion_matrix_table":{"_type":"table-file","sha256":"db773389696806dda5b30eb9694c200e30047dc7b1eee8f4fbd19891b0e98431","size":190,"artifact_path":"wandb-client-artifact://qilt2we14doopbsf7edxln9mrdmgs3c94kskdlxp4h4l665vy0or4vsezcmeoyac628i4yxtzpp61j03d5f6b38f651vcmjrjk7o62dpuanrpa366djc3z9qq4kvf1ml/confusion_matrix_table.table.json","_latest_artifact_path":"wandb-client-artifact://uv2rkxyjzlvacy4q2w7lp7spsstg1470n1g7faupr8sbd3oi9jpggeoob7da069695lkw11cjlj40iy4ztaus11h79cgzhuqum8upm0eq0s3c13injsjd97tmvzdbqal:latest/confusion_matrix_table.table.json","path":"media/table/confusion_matrix_table_25_db773389696806dda5b3.table.json","ncols":3,"nrows":4},"_timestamp":1.7452570505457356e+09,"test_recall":0.8055555555555556,"test_precision":0.8529411764705882,"test_auc":0.9081196581196581,"_wandb":{"runtime":275},"val_confusion_matrix_table":{"artifact_path":"wandb-client-artifact://vb4uhkodd5roworgm5yxyf1lbkge14bo2ey0au13hcq3avktvf16ig4pr0d6wbb40fpg9c3yyka945mr7z4x2e6l8twiy66q81lzo20fye0bmm4ogtgdfuwehcy6280f/val_confusion_matrix_table.table.json","_latest_artifact_path":"wandb-client-artifact://0feix7pb7xamdnbwhlffucayqh8ssmsrpvvqk83hcvipvmmqo4ido7gu9inmfvhjfkyrdsjsnjf8ykfmz40hh1u33zmyv397qde67ruy2jp5u5oi3xabdq6pw00n6mtv:latest/val_confusion_matrix_table.table.json","path":"media/table/val_confusion_matrix_table_24_1412acaa91c51ac48e23.table.json","ncols":3,"nrows":4,"_type":"table-file","sha256":"1412acaa91c51ac48e237c0a8a0ce7f54f9a02bfd144b75b638e7c1539dbfede","size":191},"test_f1":0.8285714285714286,"train_auc":0.8969598409901973,"_runtime":275.412823293,"train_accuracy":0.8225,"val_auc":0.8230673832162051,"train_f1":0.7731629392971247,"test_accuracy":0.84,"val_accuracy":0.725,"pooling_type":"mean","val_loss":0.5363630829751491}