{"pooling_type":"attention","_wandb":{"runtime":505},"_timestamp":1.741949679660754e+09,"val_accuracy":0.8293650793650794,"test_auc":0.9838801506029237,"val_loss":0.37484131086899597,"train_f1":0.9388548653640517,"val_f1":0.8943488943488943,"confusion_matrix_table":{"path":"media/table/confusion_matrix_table_3_fc60e62030c7f2c02d5f.table.json","ncols":3,"nrows":4,"_type":"table-file","sha256":"fc60e62030c7f2c02d5f7be8bb7392003d504aaf967cae955925a6d017428f33","size":193,"artifact_path":"wandb-client-artifact://6f37x77w76zgv2aqfwvifzo9v5y0gcmaylcb8p45n4znxy5ydlntujsk3ga6xge9tzr5879nalhacubvg3iu4zed8k7qy8t93sbihhkxkflup95p7e9ahhhzbqyk6gka/confusion_matrix_table.table.json","_latest_artifact_path":"wandb-client-artifact://shgpms1ltqmu5z1z5se70ig08mly4r55myqzsz5g6x8txchibv6h0o4gxvdb0l3unft1i9jn0odrz6uvobtrk9gicet5ehz5uz5gg2a6xnh0159g9h8r2qoryx3qoq9e:latest/confusion_matrix_table.table.json"},"test_precision":0.9909613804437141,"epoch":1,"val_auc":0.9825081435870775,"train_loss":0.25468075405253654,"val_confusion_matrix_table":{"path":"media/table/val_confusion_matrix_table_2_3703472fbf8d257dbf1f.table.json","ncols":3,"nrows":4,"_type":"table-file","sha256":"3703472fbf8d257dbf1f13872374067f66cafc1bcd3bee2c917ce81b78825a08","size":194,"artifact_path":"wandb-client-artifact://wum9yg8grjkvmp2znd1mbywbsg53lz1roufd7b6tbyzzh3js9fq9cezjkaoydrkpo981wiyzj9qjlzf9j31guuxx2x8r5t589uzuedb88v7mj9izqf6vg3bk082ewugi/val_confusion_matrix_table.table.json","_latest_artifact_path":"wandb-client-artifact://m4mkpeqdmdxf9mj0tqtryorn1v6v2w037ol0egwzu4oo0kl3j7stxc0tn936h2b8jjxe8c9syvf1pllkd1o78hmi8h6rj5bnekktgo7i5vrqs7wj52wfqostkpqilwv5:latest/val_confusion_matrix_table.table.json"},"test_recall":0.9298380878951427,"_runtime":501.328802655,"test_f1":0.9594272076372315,"train_auc":0.9635562908103521,"test_accuracy":0.9431438127090301,"_step":3,"train_accuracy":0.9108180915922303}