{"train_auc":0.9105376260817377,"epoch":25,"test_precision":0.8793103448275862,"_step":25,"val_auc":0.8453906572964034,"_wandb":{"runtime":375},"confusion_matrix_table":{"ncols":3,"nrows":4,"_type":"table-file","sha256":"f77ca63ab30a9dad4dd7f9d7d6818b262477902865d484af68aea63a6d0a9e76","size":189,"artifact_path":"wandb-client-artifact://fjbcxomby9ehl3nwq4u108g2v3kofn88gjca2qawiy8feeqxowin7ism3epnuzbaa40tswbcuzx04oatywrps9oe1evxin931ln3d4vyv9c4099mzy5kjsjo7b5g5qj0/confusion_matrix_table.table.json","_latest_artifact_path":"wandb-client-artifact://3zfmvnwc87yk3s6xrnhoyo3mezw643hl3341d2u3mhqa8oxhb7fleilt6zu5lqyepf9v6corchcb06qykgs3li6dltegqn2sdfcv6wmty6vzsysg7cefxhshscs36zka:latest/confusion_matrix_table.table.json","path":"media/table/confusion_matrix_table_25_f77ca63ab30a9dad4dd7.table.json"},"test_f1":0.7846153846153846,"_runtime":373.889586324,"train_accuracy":0.8475,"val_accuracy":0.77,"test_auc":0.8828347578347578,"test_recall":0.7083333333333334,"train_loss":0.3750900544914475,"test_accuracy":0.8133333333333334,"train_f1":0.8111455108359134,"val_confusion_matrix_table":{"sha256":"49fd843cc018583f11f7f3c5181d1f285d14be22f6854546793cd106b2d009c7","size":190,"artifact_path":"wandb-client-artifact://gn77su4dep4ulj1m2gmqqspb2ip3ups37muufery0krn9sqwew68kmac2uubqxik9yl7bc9bmrbokonbt4sjxws5txirwpmcowt4dsrcrxyjgcmlwxmxlxm0qihn6p79/val_confusion_matrix_table.table.json","_latest_artifact_path":"wandb-client-artifact://g3zqxjdmuzj72zr7b3ekmzbwr3aty67kubv3afwgi373ptid52jn53ggt6gqxrsqwhzkqza64khpcx3jgyi8m2wqhlcet6wp6kmuxsgvgv9ayjq5mzve6fykr58r120h:latest/val_confusion_matrix_table.table.json","path":"media/table/val_confusion_matrix_table_24_49fd843cc018583f11f7.table.json","ncols":3,"nrows":4,"_type":"table-file"},"val_loss":0.5570922042895109,"pooling_type":"attention","_timestamp":1.7452523501275938e+09,"val_f1":0.6515151515151515}