{"train_loss":0.6448301445599646,"val_f1":0.6153846153846154,"val_auc":0.7282968168664737,"_timestamp":1.741084944731155e+09,"val_precision":0.47368421052631576,"train_accuracy":0.625,"val_confusion_matrix_table":{"_type":"table-file","sha256":"d1256534d077efa16586ed8b3a4d625c66208e15a7e1e8d4fa74cd129bf2c38f","size":190,"artifact_path":"wandb-client-artifact://b09m1blcl4o8vmdvqrvvqvy5jyurzaic39z66a38cdf9ggyxzw9o1w781wtmutir26a3cl7l5js3nnj43ew7b3hi2err3g2h0mwax94a55pozfftllcta6qibbu4nzra/val_confusion_matrix_table.table.json","_latest_artifact_path":"wandb-client-artifact://g3hr34weh7olka1zy3ojk1ofy2q29u2fhsudtfhkcfso03tx6tdidqrdu1ta8kfafoghgfd6xq0s6wckfdaqx4jnbyw3rbfxftx0pu9d74iwde0sjeaswlowcvul6gyb:latest/val_confusion_matrix_table.table.json","path":"media/table/val_confusion_matrix_table_0_d1256534d077efa16586.table.json","ncols":3,"nrows":4},"val_recall":0.8780487804878049,"val_accuracy":0.55,"val_loss":0.730464319176972,"epoch":1,"_wandb":{"runtime":23},"_runtime":23.418662542,"_step":0}