{"_wandb":{"runtime":843},"confusion_matrix_table":{"path":"media/table/confusion_matrix_table_7_09d795e365067be10dde.table.json","ncols":3,"nrows":4,"_type":"table-file","sha256":"09d795e365067be10dde89b1c2777719bf460612139ef476d26982cacc899aad","size":193,"artifact_path":"wandb-client-artifact://bl5a54jlcbsf3ta5upu5cs2c5b40lldj1axye4kyxldawbg3ccz798x1tyh4hiot85ufgox45qt5yrdegt5b7spsljmxyvjlq061ams25m1z4mpqcf7r7tv0vf2dois2/confusion_matrix_table.table.json","_latest_artifact_path":"wandb-client-artifact://3oqozz5f093qzlsauzzkcbz41azyh9ovfe39lar71s7gdngma87ktb7e1t9tqnrf6nlc92yrtvivxizl7wvhkd84ceixl91sybjdn86nmez8o3rodd13h1qvb60a5vgv:latest/confusion_matrix_table.table.json"},"train_f1":0.9588051542366263,"val_loss":0.3399793931740275,"val_f1":0.9484304932735426,"test_precision":0.9839486356340289,"test_f1":0.9642154935116005,"_timestamp":1.7453519356866233e+09,"val_auc":0.9842619594973316,"val_confusion_matrix_table":{"_latest_artifact_path":"wandb-client-artifact://jfvu6r1jqljyn74np6bmeon0jijg81yz0948i4ms3jfqoy0kdpqcuh60hup4jqhpz4syi5snycdve3ylyi06xes9ji3po5py6xf58n39wzro5uiw8v97cj97o6689vqs:latest/val_confusion_matrix_table.table.json","path":"media/table/val_confusion_matrix_table_6_0018eea68ed7a6aa044d.table.json","ncols":3,"nrows":4,"_type":"table-file","sha256":"0018eea68ed7a6aa044d2e5e1383287e81d935148ba5675e88c145e308659985","size":194,"artifact_path":"wandb-client-artifact://d6viprxpzug23r7mxmm6mw34a24ujaoizv8lld1kg8erlmokoygbd7ja8gzrioz1psbmpa23i4fvbjswvzf7nrkl4uwwy7yrp0knpmesq5fgo111ki8ip5yqfqlghnh8/val_confusion_matrix_table.table.json"},"val_accuracy":0.9217687074829932,"test_recall":0.9452582883577486,"train_loss":0.18327074303916172,"train_auc":0.9832486549981568,"test_auc":0.9850839811420566,"train_accuracy":0.9401673046930384,"_step":7,"_runtime":841.887849177,"pooling_type":"attention","epoch":7,"test_accuracy":0.9492753623188406}