{"confusion_matrix_table":{"_latest_artifact_path":"wandb-client-artifact://gfgwe1sgtthx7tlosa783i14lcy6c2osi1qpbivvdn2odwnvam4wlepkf84au1o875mof2p3ykwm5nlr4j5fzddgw59kvpnmroexw9ekgtikye3rkrmm7dvqwjjed76n:latest/confusion_matrix_table.table.json","path":"media/table/confusion_matrix_table_6_94f1410dfc5757fed736.table.json","ncols":3,"nrows":4,"_type":"table-file","sha256":"94f1410dfc5757fed7360314c720ca99f001b1503d9d03713363530cab16049b","size":193,"artifact_path":"wandb-client-artifact://5f70cv9b468gtr80l1mqaqdwoar64tfoayewxx9fxxs85q6e6gsok4zhnlqczznir9d5xmkh9ommjj9m0gateivu1wzqyx8a2iibc8j773u85nm129klcjbrjwexxc7g/confusion_matrix_table.table.json"},"_timestamp":1.7419527425558317e+09,"val_f1":0.9598425196850394,"train_loss":0.27027177631780674,"test_f1":0.9582504970178927,"_runtime":915.20014486,"val_auc":0.983681145057391,"train_f1":0.9525199455146915,"test_accuracy":0.9414715719063546,"val_confusion_matrix_table":{"nrows":4,"_type":"table-file","sha256":"5856d373c07ecb1a8820fba1fe4850224040012013afb8c50842252afe799901","size":193,"artifact_path":"wandb-client-artifact://87osrt527ag5i43823m2s26w7mzpy42m5mt8oxld1tp976e40vkxt1uxt47d0ftx9cb09cg3b3ceee7fn71o5tu1s835wlawjt5r5bjbq48a4jceshk2b3v9v5uhyo93/val_confusion_matrix_table.table.json","_latest_artifact_path":"wandb-client-artifact://5hk20a7yg8iy3wz3ueeakr1npfp16yzpo92r8wzf5g2zjfoutmshn57vpf6ujudei6avy5ep59sdhcr9gql3guucnlv4grwl80xrsfzmz05mcqetpexnjfr9z1117yv8:latest/val_confusion_matrix_table.table.json","path":"media/table/val_confusion_matrix_table_5_5856d373c07ecb1a8820.table.json","ncols":3},"val_loss":0.22202898813655642,"test_precision":0.9893267651888341,"train_accuracy":0.9308095845739401,"val_accuracy":0.9421768707482994,"test_recall":0.9290670778720124,"_wandb":{"runtime":919},"_step":6,"test_auc":0.9861520704799344,"pooling_type":"attention","epoch":6,"train_auc":0.9759654438378998}