{"confusion_matrix_table":{"ncols":3,"nrows":4,"_type":"table-file","sha256":"b22b075df0bb1e7e3dd26746b5ade70af8ebe3c737733a77419d05a72b77d171","size":190,"artifact_path":"wandb-client-artifact://pdfmv5nj91p8bwruwhrgyruvlu4cutq5r3uyd5xxrealegq46uu64lc3yr70clsqhhzvad5dw3x8g1gwzcqf5i4mn6k006gqwrzjipy5xoj6b0acnijt20lmkgvtso2g/confusion_matrix_table.table.json","_latest_artifact_path":"wandb-client-artifact://v6vjwmdpbt3f59ft597n5hi18ua1lumpkmlbecatui9zyuj6aln2s1lp3yti6vwo55z4vb3euouphhslzw4q3stf6xrgxkqfpsib39sjzj9nio5ef93opm70uqi3dmb4:latest/confusion_matrix_table.table.json","path":"media/table/confusion_matrix_table_5_b22b075df0bb1e7e3dd2.table.json"},"pooling_type":"attention","test_precision":0.7763157894736842,"train_accuracy":0.7564705882352941,"test_auc":0.8652065527065527,"train_f1":0.6820276497695853,"_runtime":49.18698954,"val_auc":0.8354105571847507,"test_recall":0.8194444444444444,"val_confusion_matrix_table":{"_type":"table-file","sha256":"2cc3cfe28e361981feaaf2ddd029e9df9375d299695dbd67f6c91cdc54238bae","size":190,"artifact_path":"wandb-client-artifact://uh1rtoe56c56d4770f5hsbsk726ygdca8t2ybttbeb5kh2s3ca8ttwtah8jjz5lpam4ja5f52u3i1l93ezldjajakwbky969512pntqdyjaocb79zmgh9x6n06vmj2fn/val_confusion_matrix_table.table.json","_latest_artifact_path":"wandb-client-artifact://gnhte9aful0zqeyf2di98jbgw99lwr5x3r8f8asiwsjgajkahfvvy9zqpls6bwm685il96kr2z5y0kzcfyjl7yydauov4k00sa3huzfrx20y0lib1hijwcxbkbjz8klz:latest/val_confusion_matrix_table.table.json","path":"media/table/val_confusion_matrix_table_4_2cc3cfe28e361981feaa.table.json","ncols":3,"nrows":4},"train_auc":0.8132188345372292,"train_loss":0.5144956229320344,"val_loss":0.5007960710053643,"_step":5,"_wandb":{"runtime":49},"test_accuracy":0.8,"_timestamp":1.7418691806949396e+09,"val_f1":0.6929133858267716,"test_f1":0.7972972972972973,"epoch":5,"val_accuracy":0.74}