{"train_accuracy":0.8175,"pooling_type":"mean","val_loss":0.46785687914351004,"val_accuracy":0.775,"val_f1":0.6938775510204082,"_runtime":301.847293698,"train_auc":0.8924521970327635,"epoch":39,"test_recall":0.875,"val_auc":0.8727780074410914,"test_precision":0.8289473684210527,"_step":39,"val_confusion_matrix_table":{"size":191,"artifact_path":"wandb-client-artifact://1b5tpuz7lasszkuzfw7dvoztz21qzi202j3a7vavoh4mujt7fj34uwdq4nagdltcm5pzj4mnfieg5dpwzkzn9kvzxkv0d7oifl24auq0t86altz047q4am57rjcak1vs/val_confusion_matrix_table.table.json","_latest_artifact_path":"wandb-client-artifact://uxuas14gp05f94whxwhdgh1nfajswy4jc9jptqw0i5pjoirt7mfsv8a2onjmzgs97t4gmfwdqd9gzu4dclkizo4kk00bgjxxdv0t80izsamopzy10o48p7aax7pcxzxv:latest/val_confusion_matrix_table.table.json","path":"media/table/val_confusion_matrix_table_38_9ea0b076647616fe90c8.table.json","ncols":3,"nrows":4,"_type":"table-file","sha256":"9ea0b076647616fe90c871310a2c6d0a002be7a0ea980b3bbb8a49bc3ec474e1"},"train_loss":0.41635673467433665,"test_f1":0.8513513513513513,"test_auc":0.9207621082621082,"_wandb":{"runtime":304},"confusion_matrix_table":{"_latest_artifact_path":"wandb-client-artifact://itf78alxpl8526asrjwui82x58hryi9etnp6ou1h8zy021mfvfalyykani483biw0vzz8jkkao0bz0qbdjyatk4ku5s4jujbd3aikalwnpnt1ozuv48noog4308tdclm:latest/confusion_matrix_table.table.json","path":"media/table/confusion_matrix_table_39_99cc1ffb2f87c7268dbd.table.json","ncols":3,"nrows":4,"_type":"table-file","sha256":"99cc1ffb2f87c7268dbd28450a4301f67a105efef643fffcb89598c50ced79e0","size":189,"artifact_path":"wandb-client-artifact://q6hdgoogb3rzaia5nlg4grv5r2eebr4xeeeyktisj6g04gnfe49ixad8mglivo71us0myv2a7yqtw8354z441igw4weqcytmyioyqzl49koev963aio2212rsre276yo/confusion_matrix_table.table.json"},"_timestamp":1.7422317001978495e+09,"train_f1":0.7689873417721519,"test_accuracy":0.8533333333333334}