{"epoch":25,"train_accuracy":0.87125,"test_auc":0.8865740740740741,"test_precision":0.8194444444444444,"_wandb":{"runtime":329},"pooling_type":"attention","_timestamp":1.7452507971360564e+09,"val_accuracy":0.765,"train_f1":0.8377952755905512,"val_auc":0.8260644894584538,"test_f1":0.8194444444444444,"_step":25,"train_auc":0.932194967701134,"_runtime":329.416260757,"val_confusion_matrix_table":{"_latest_artifact_path":"wandb-client-artifact://jambbvl6h8cqe3u7bo6evdg6z9txswq56k9m0sy4019f603rwyqbou3ft8kkfyuzferwj3qvk99vmtob8j8c77xyeyau7zrors0ada2qrp18e7qqg900dwji42g6n3sh:latest/val_confusion_matrix_table.table.json","path":"media/table/val_confusion_matrix_table_24_b9ae4f12eef20a913e9e.table.json","ncols":3,"nrows":4,"_type":"table-file","sha256":"b9ae4f12eef20a913e9e83476a485de0998af787a6db5c1b9d86feb30273e743","size":190,"artifact_path":"wandb-client-artifact://4kko9cnz92wn0aovixtb8kp7vw8s6ejozag7j5vvnqqqpr09k7n3nrkgssj80r4vx29p2f0d5djhuxkca5xmab7onx0vsxdcg09khjolib1znz2ywyn4d1a7v1o6v3i4/val_confusion_matrix_table.table.json"},"test_recall":0.8194444444444444,"train_loss":0.3233298501195532,"confusion_matrix_table":{"artifact_path":"wandb-client-artifact://teesfv83ty6zztt12kcjtulp0a5g3b2mesk1hefsa99cz64ew4r7253vum6z86wdjeigzjc2hyo2xn4wbwhv2x8861vys1mwjl2htj1lvwzgy8w6j0tm3cnxoecf4cp5/confusion_matrix_table.table.json","_latest_artifact_path":"wandb-client-artifact://97tj4v712l8ergajjf3bli78j0ua9m4f90105zd7tt7mltghno1l6pom85l0hsovmvf4vbz9r9v7cwfrvowu4txp3y64iy70mnjiwss2cm8urutr6nww2irfsuij10ym:latest/confusion_matrix_table.table.json","path":"media/table/confusion_matrix_table_25_d8532bad60f945da970b.table.json","ncols":3,"nrows":4,"_type":"table-file","sha256":"d8532bad60f945da970b7c8fd050e41d3e38329bdf6630147a6e27e18f022dce","size":190},"val_f1":0.7151515151515152,"val_loss":0.5475443748978432,"test_accuracy":0.8266666666666667}