{"val_confusion_matrix_table":{"path":"media/table/val_confusion_matrix_table_13_1efed3c72b9742f66aad.table.json","ncols":3,"nrows":4,"_type":"table-file","sha256":"1efed3c72b9742f66aad224c7fa4f9e2e8fe136cbff1fe0ab95e7cabb13a95c0","size":193,"artifact_path":"wandb-client-artifact://4pxa0s8jciyzhgq3csr2bmvm537rnhj9gghhyqyiwtbldkp2jiyobvsung971nbznw5udap1i34sldyncy61kpyho5x0bsxe0514bvgh9drm4ag45grcq8dfndxl0scz/val_confusion_matrix_table.table.json","_latest_artifact_path":"wandb-client-artifact://37povm8eu1mauw8feoiy4dge9y2ewpn8qcxxbprsk419dux7qwi573fnrmdk6y6j9y43ss9u9ww2gd18suwopjy96ankn0mtrk2mavro2j92oilhucpe88ug1uirnorq:latest/val_confusion_matrix_table.table.json"},"_runtime":1313.060033593,"test_precision":0.9863234111021721,"_step":14,"test_recall":0.9452582883577486,"test_f1":0.9653543307086614,"pooling_type":"attention","test_accuracy":0.9509476031215162,"train_f1":0.9627462453676614,"val_f1":0.9610687022900763,"val_accuracy":0.9421768707482994,"test_auc":0.9870471867442123,"_timestamp":1.7453277031487775e+09,"train_auc":0.9834556995768422,"confusion_matrix_table":{"_latest_artifact_path":"wandb-client-artifact://gtd9lmoerf0wu6qg5tamf36k11obwns54l4we6cf983x6dtmco37ma9yu5d11zk0cixjntycskat42w9vanjigmqji1640lhmnir0q3oayis21hsgdsup224laamn8xs:latest/confusion_matrix_table.table.json","path":"media/table/confusion_matrix_table_14_ba170d4197ba8c45b837.table.json","ncols":3,"nrows":4,"_type":"table-file","sha256":"ba170d4197ba8c45b8375c0d3548a264a3a43866a41fa0222bd9e8dbddbb0004","size":193,"artifact_path":"wandb-client-artifact://8a1lubp438nd64nc6tqmo48z35d3gczkhth1ckimhdj5l3istu2ifbqd3b8bkoja8iwou2x3s9msklkrp02nu7veztznd8olob690g5fyiohvjmrh3xzuhv2zpbsx2r4/confusion_matrix_table.table.json"},"_wandb":{"runtime":1314},"epoch":14,"val_loss":0.17547656961952787,"train_accuracy":0.9458386502197647,"val_auc":0.9900749778640651,"train_loss":0.18074212688151844}