{"test_auc":0.868411680911681,"_step":39,"confusion_matrix_table":{"ncols":3,"nrows":4,"_type":"table-file","sha256":"876ed204a7faa2609aed22bbf179a22e736d1968c6186c3bf6db10f19bacd939","size":190,"artifact_path":"wandb-client-artifact://gz4g9kh3sgnytikrjz6j23ijbefiw9f1ubabl3qim454kihzzayg9i0dq3sxjbiinutkhivxcwwap53xrsp4igqlf66017z0x0gjexl90ar2kuq6qaohpwplv2hkedqf/confusion_matrix_table.table.json","_latest_artifact_path":"wandb-client-artifact://g0uqpw7egdbzjhk11e3mtr2kaw31knu0duch0l1fax066n2qxpl7lvuys4zpapsfnnrr6z057cm1jez7b524ar5jdnj6iq7njniu0vgz8it96lnbvoz4j5m6i67dc5n9:latest/confusion_matrix_table.table.json","path":"media/table/confusion_matrix_table_39_876ed204a7faa2609aed.table.json"},"train_accuracy":0.82375,"_runtime":325.98245446,"test_precision":0.7837837837837838,"val_auc":0.8122157916494419,"train_auc":0.8900612420059499,"epoch":39,"_timestamp":1.7452606025478902e+09,"test_f1":0.7945205479452054,"_wandb":{"runtime":325},"val_accuracy":0.615,"train_f1":0.789865871833085,"test_accuracy":0.8,"val_f1":0.6695278969957081,"train_loss":0.401407353579998,"val_confusion_matrix_table":{"sha256":"8dd3f6d8580f005be95643a6cc908ee32fc4cde95c8246e8ee33ea4ef9aefa02","size":189,"artifact_path":"wandb-client-artifact://rombyghs02ma5iecz3xqocnhz2554nf3gjqeqe3cmjy1hkd9b4ftiamvs5qjf4b78a3jhn187j0rpi32p4cuxbd6kd4oo50aoc2jv2xcydrbowysp76xrwfyva5ycrcr/val_confusion_matrix_table.table.json","_latest_artifact_path":"wandb-client-artifact://oc2wfzz6oo8b16doncz5ut03l9e5y5pv5tk1ot7xc76inx4vhkdkpyforty20f37zeb9bzh91zdefjr6isdd7oy2l3u7jonpk2gzli5h0se5pdn263ckaah9p1mqrnez:latest/val_confusion_matrix_table.table.json","path":"media/table/val_confusion_matrix_table_38_8dd3f6d8580f005be956.table.json","ncols":3,"nrows":4,"_type":"table-file"},"val_loss":0.759323830776848,"test_recall":0.8055555555555556,"pooling_type":"max"}