{"val_loss":0.4669200786901638,"confusion_matrix_table":{"_type":"table-file","sha256":"b22b075df0bb1e7e3dd26746b5ade70af8ebe3c737733a77419d05a72b77d171","size":190,"artifact_path":"wandb-client-artifact://kyt363g5cigk1ovh80o9itrs92a85s7gu7uihut22f6trgvjtkqf9btmnspvkel28dg452enqdhkdsfkcnwul0lajx23pgtpiyvbbvlhaaye4j8se30mqt4y9q9yo1he/confusion_matrix_table.table.json","_latest_artifact_path":"wandb-client-artifact://h7sw1gfa9a5jzhk8pb5k50rptl2u6hd3wxcxkxecn939sk4vsb3jo1c4jnfvkq2k4cz48bee452ish8xx0nozj5fyovqwd8fghql1wco2tmgnwo1otgbgyq0cjaxnhnb:latest/confusion_matrix_table.table.json","path":"media/table/confusion_matrix_table_50_b22b075df0bb1e7e3dd2.table.json","ncols":3,"nrows":4},"_step":50,"train_accuracy":0.82,"train_loss":0.40896100750833286,"test_precision":0.7763157894736842,"_timestamp":1.7417668794829533e+09,"_runtime":288.15053997,"val_auc":0.8607895824720959,"val_f1":0.7544910179640718,"train_auc":0.8924392903929427,"test_accuracy":0.8,"_wandb":{"runtime":290},"test_auc":0.8851495726495727,"val_accuracy":0.795,"test_recall":0.8194444444444444,"epoch":50,"train_f1":0.7662337662337663,"val_confusion_matrix_table":{"path":"media/table/val_confusion_matrix_table_49_47ab496e46dddc201076.table.json","ncols":3,"nrows":4,"_type":"table-file","sha256":"47ab496e46dddc201076ea45e54089f2815df42900b3d42fc27265cc947d5936","size":190,"artifact_path":"wandb-client-artifact://1najmoc0cdmaaacsq953oz4nx4qwlrserndffdbt6kzthm05wtzi33awspeya54mfqn69i16gk2xyihk1by2syhiqccfgemwxhah8d9vtl4dl9n6i0w2lxs2xmk268ny/val_confusion_matrix_table.table.json","_latest_artifact_path":"wandb-client-artifact://kv3pc5kcvbgfbqrun3qpm7wn5jymkm942igpnvfsidg9cnv6a6jf29lf71nn3fn24mm81wcz9ofiqjlq8if6ox27dgy1ualq6rc114enifjlsbhzfh5y6c8frlbmc926:latest/val_confusion_matrix_table.table.json"},"test_f1":0.7972972972972973}