{"confusion_matrix_table":{"_latest_artifact_path":"wandb-client-artifact://hyok96nbl1u0whwrkfec37gwjnznkttzndm931ehrkzqhiwvha0mjsmo8bu29h9lu8vkmeems3mnc8ko8qux2rojaomp7szem0hf3yp1qa63t2cklt9yhohmyi9i07er:latest/confusion_matrix_table.table.json","path":"media/table/confusion_matrix_table_39_1da426e624e10156639c.table.json","ncols":3,"nrows":4,"_type":"table-file","sha256":"1da426e624e10156639c175f9417cc5ad057876748a168338eea7379d9710dd6","size":189,"artifact_path":"wandb-client-artifact://a8mwrucc06vduks1iihefv2ux5l6lr07856fx8gnlqe4nl34lvq0te50yaf7nznlah34k6rut985vk2yqlujt8jcma279y44iq0df4lotzhjb7f85vxqo7r2loo8ufwq/confusion_matrix_table.table.json"},"train_auc":0.9088984828244889,"test_recall":0.75,"train_loss":0.3754524249048154,"epoch":39,"val_confusion_matrix_table":{"_type":"table-file","sha256":"cec1c3cc9ededa78d9625dadbebbb0c1837b1d5fe9f622b3e1db7c3851e7323f","size":189,"artifact_path":"wandb-client-artifact://zga2w83vsshgyol3zidsrfa0gbm28j1497q5a06483ntc3ugykshmspx5qgmxkqayww5prl8ih3u1ddllsrjvrriehxh5mq8qsjnzd2efoa39uju6shulz81sfdmhr26/val_confusion_matrix_table.table.json","_latest_artifact_path":"wandb-client-artifact://x7zedqw3bf0mcgvieqza56uopdv098m26h7wf82o711o79f63pdmha8h519i3hrkmjq97ee0r4jffr01yxik449ao652ra5o0v1wic8xg39nghntorovrdp7gfj5rxqr:latest/val_confusion_matrix_table.table.json","path":"media/table/val_confusion_matrix_table_38_cec1c3cc9ededa78d962.table.json","ncols":3,"nrows":4},"val_f1":0.7474747474747475,"test_f1":0.8181818181818182,"train_f1":0.7924528301886793,"val_loss":0.652950308631116,"train_accuracy":0.835,"pooling_type":"mean","_runtime":338.557826816,"test_accuracy":0.84,"_wandb":{"runtime":338},"_timestamp":1.7452556498246555e+09,"test_precision":0.9,"val_accuracy":0.75,"test_auc":0.9093660968660969,"_step":39,"val_auc":0.8263745349317899}