{"test_accuracy":0.78,"train_loss":0.56799227418378,"val_f1":0.6588235294117647,"test_recall":0.8194444444444444,"confusion_matrix_table":{"_type":"table-file","sha256":"aa0db09c41736e147e0b966219ee9b812d7d8a375ab71dd7b11e834344dd17f7","size":190,"artifact_path":"wandb-client-artifact://kf4yttlc1r0w1lhkpamg5l0pi1xediuzjxfvtrltuknoj7opcg46ajw9zj8yh2rs84bpuu9wf2fwnuwybekdpj250w2e5xzi54xdspq30cg3tayvh9sbblc8maoi2n0s/confusion_matrix_table.table.json","_latest_artifact_path":"wandb-client-artifact://fdaay3249cb4pdnzi98luseq9h5a6s57vr27oa64e1a6bs2qp29c2wdn99e7m39wxjhlxionmdrjuhc2hqem0hwu02hwdjtg5d6sdrahuzljvsw7gef67048shzkjisa:latest/confusion_matrix_table.table.json","path":"media/table/confusion_matrix_table_2_aa0db09c41736e147e0b.table.json","ncols":3,"nrows":4},"epoch":2,"_step":2,"val_confusion_matrix_table":{"_latest_artifact_path":"wandb-client-artifact://3zd2fg5kqmna6uaztmhscsiubwtl4mmol20xtg8dk8tqwrr5a1dysk84k7w23qyf61pgz725bt3kkuw33xrfikpr0bqxk6dfi8blmgsi92stkm7mzfyly5n294xx6q4x:latest/val_confusion_matrix_table.table.json","path":"media/table/val_confusion_matrix_table_1_4203ab96043cfbb4aa33.table.json","ncols":3,"nrows":4,"_type":"table-file","sha256":"4203ab96043cfbb4aa33dfdf17d5f2abb4086964f51be1ada9d327d6abc2993b","size":190,"artifact_path":"wandb-client-artifact://no9do7uwv8kk35z0vq7rclzdei0yjkm6ja8bp37jsip57enrbcz1xljn7lm8vz0j1fxbaq4330xqmfy5gwws1lor1dt5le4lrguojgb29ua1zas0e207mtnmb05jklea/val_confusion_matrix_table.table.json"},"train_auc":0.7581586096967585,"train_f1":0.5973597359735974,"_timestamp":1.7416860838471575e+09,"train_accuracy":0.695,"test_f1":0.7814569536423841,"test_precision":0.7468354430379747,"val_accuracy":0.71,"val_loss":0.5655120331421495,"val_auc":0.7869987598181066,"test_auc":0.8586182336182336,"_wandb":{"runtime":34},"_runtime":31.862072434}