{"_step":15,"test_f1":0.9655172413793104,"confusion_matrix_table":{"_type":"table-file","sha256":"6c8b36fbcd2c6c61f9d4fac8b535c1dadb90797bd768b18c23be38c802a987e7","size":193,"artifact_path":"wandb-client-artifact://0hecebc7dvgbye4ye39lyqjkg86e3n63l0z0bsityy9f7t2x1ws9ztgvh6qmt3dihajhc0ivjeipg5ty1tzalndpkimfqsh0fi1scngs5fci9urgrzzbzyyuldvbn1ya/confusion_matrix_table.table.json","_latest_artifact_path":"wandb-client-artifact://o6fxmtpxakkrjbuqz5moa0wt2y9p8o858dph2thhop7e30wwl26o7swsmbs6ln1r0vrkbfz2zx8sgdxix6xaqu2oabbh9bkkygkda6kyio4t2iiwc4bcaptgfjngvv1r:latest/confusion_matrix_table.table.json","path":"media/table/confusion_matrix_table_15_6c8b36fbcd2c6c61f9d4.table.json","ncols":3,"nrows":4},"test_auc":0.9860582151350664,"train_accuracy":0.942577626541897,"val_loss":0.19678733868384388,"epoch":15,"train_loss":0.20412428681131153,"val_f1":0.9642716921868866,"pooling_type":"attention","_timestamp":1.7453334675314455e+09,"val_auc":0.9855836169711542,"val_confusion_matrix_table":{"ncols":3,"nrows":4,"_type":"table-file","sha256":"7f3e5d2134b863662ebf94f402e68a435bd5a7a60750701b4b8f2b744d875a24","size":193,"artifact_path":"wandb-client-artifact://0w9ahch8dl5oszg0lpncpza5j2138sp4k2scidyv4kxchwehqcqjpyvz46rfq6l8i372lo2uli95wqg9fhp5qwsaxdt3i96h2tu27q7frr1172inq15g00bfpzeni67a/val_confusion_matrix_table.table.json","_latest_artifact_path":"wandb-client-artifact://03n0fn6sg6sxbxqh5vj327qc6f1pp0mub0thxcjgvvboufn8nocwlbc2jcbrob0dvm0xc7l58uit94oaayiiv9ornprb8f3c4uvosimye038qf9w992invyvdgjw6x9c:latest/val_confusion_matrix_table.table.json","path":"media/table/val_confusion_matrix_table_14_7f3e5d2134b863662ebf.table.json"},"test_recall":0.9498843484965305,"train_f1":0.9605378544285297,"_wandb":{"runtime":1499},"test_accuracy":0.9509476031215162,"val_accuracy":0.9484126984126984,"_runtime":1498.014991732,"train_auc":0.9825437985954926,"test_precision":0.9816733067729083}