{"val_accuracy":0.76,"test_precision":0.8181818181818182,"confusion_matrix_table":{"path":"media/table/confusion_matrix_table_18_b8b923482b2aae6d0bd4.table.json","ncols":3,"nrows":4,"_type":"table-file","sha256":"b8b923482b2aae6d0bd4c064995a36acd85c3d9b2841ae03014bc07be0c020f8","size":190,"artifact_path":"wandb-client-artifact://fjracavcraq0ychdvjr3xq39v0pm74o8ymbwhr5u8s1x2d4wvm0ti67e0ccax5o3vb47ckcpbpvoz22itsr3lksrzcekx0u85qdwgaseqrsyrqxqda3s9g568dqzv6t5/confusion_matrix_table.table.json","_latest_artifact_path":"wandb-client-artifact://x6hbd8bg34arjh1tmt2dlliegmzci83gkcln0rgi2hj2kpi39xhalu0arc1t1yilnx5mjduqp9uca2mftfnh0obc3ep4pj7u85u2kgogkm89lcgxes0cs9qrjtt1nu2v:latest/confusion_matrix_table.table.json"},"_runtime":460.284985677,"val_auc":0.8403265812319141,"val_confusion_matrix_table":{"nrows":4,"_type":"table-file","sha256":"bb9e75195654e05cbc1171ee5119f63c58f355b38f2f023bf35c3884f73ec710","size":191,"artifact_path":"wandb-client-artifact://40gugeybi20vhwj4gpt5l4it4kqjug66j62sjr935o57adajv7ogojey1cx9nokil3laaqn4lh8yh7diwd1m90jywpu67vas9xowo89c0ko2rxfvu0gv9x3xgf7uno48/val_confusion_matrix_table.table.json","_latest_artifact_path":"wandb-client-artifact://4wxybyfxyxqoifknqf1c8vx2quyj3swym038hxhcvzr9v7mq75gd7ax871k5xcvkoj80iwyu58rwbjg8f58c7ve1obblz60dm9m1pdj9y9nfm5kq345xo9jp0zyvjimd:latest/val_confusion_matrix_table.table.json","path":"media/table/val_confusion_matrix_table_17_bb9e75195654e05cbc11.table.json","ncols":3},"_wandb":{"runtime":461},"test_f1":0.782608695652174,"_timestamp":1.7449680380313566e+09,"_step":18,"test_auc":0.848468660968661,"test_accuracy":0.8,"train_f1":0.7272727272727273,"train_accuracy":0.7825,"val_f1":0.6470588235294118,"test_recall":0.75,"pooling_type":"attention","val_loss":0.5367000119748991,"train_loss":0.4830643037345817,"epoch":18,"train_auc":0.8611761820868747}