{"train_loss":84.33207120902186,"epoch":10,"_step":10,"_wandb":{"runtime":225},"test_loss":0.07789449004636646,"val_loss":108.98800726023457,"accuracy":0.985,"f1_score":0.9891696750902527,"_runtime":224.055672809,"_timestamp":1.7418599138557706e+09,"auc":0.9963769312418919}