{"val_loss":0.907759264037013,"val_accuracy":0.635,"train_auc":0.8194199756064507,"test_f1":0.7866666666666666,"test_accuracy":0.7866666666666666,"_timestamp":1.7452496656951897e+09,"train_accuracy":0.73875,"_runtime":232.826770288,"_step":8,"epoch":8,"_wandb":{"runtime":233},"val_auc":0.7816246382802811,"val_confusion_matrix_table":{"path":"media/table/val_confusion_matrix_table_7_a094b9bfb9f02d2924b1.table.json","ncols":3,"nrows":4,"_type":"table-file","sha256":"a094b9bfb9f02d2924b1d4c2f2f65d32e1463a4d76b0290d6258e50df6959e00","size":190,"artifact_path":"wandb-client-artifact://kzchhuxq0m2gz2riz66eprvklnuotlwaalxyje26gwkgcq9n51vio2hmw0cqr7zx75yps0qu1yeahlfnq1l5wy9b9btass4r019m5ue1tusxpl8ho7jg428jgpf2ctsc/val_confusion_matrix_table.table.json","_latest_artifact_path":"wandb-client-artifact://onhh4zepta4dxedi0ic9uqrnt46dn87ocpqdfpl7r86txuxskffb6erwn5k2afqm0nt08s37124u3d3mcbzjsfwgqbhe51eh9304f2vndm8s4ude1d4re7k0veskg5va:latest/val_confusion_matrix_table.table.json"},"pooling_type":"attention","test_recall":0.8194444444444444,"test_auc":0.8554131054131053,"test_precision":0.7564102564102564,"train_f1":0.6749611197511665,"val_f1":0.26262626262626265,"train_loss":0.5123226843158772,"confusion_matrix_table":{"nrows":4,"_type":"table-file","sha256":"dcb931ed5cdd074007aced24a0baad25dd51505249a2f670c305391b09af990b","size":190,"artifact_path":"wandb-client-artifact://ztsly7n5gujvqhpon1od4ju5kj93d1kd2tzm7onkqf4hbs8jiyclf94mco34spm3ypes112aqxbly6e58htb5u97xv9obqt1rwwp6krg88v66kk9ey1fancki6k4ewkg/confusion_matrix_table.table.json","_latest_artifact_path":"wandb-client-artifact://gq7qybz7e8wrp4pqeclzfasd2biqpmqa17588iebzctz2fo4ref7r2frew0msa3cc9hk70fpdhvl40io484v5fcjmbrxr9ayvvtro2yaoxx5ge8ehewcfslb13jv7s8j:latest/confusion_matrix_table.table.json","path":"media/table/confusion_matrix_table_8_dcb931ed5cdd074007ac.table.json","ncols":3}}