{"epoch":50,"test_precision":0.8205128205128205,"_step":50,"_runtime":389.183730392,"train_accuracy":0.8325,"train_f1":0.7859424920127795,"train_auc":0.9126026884530747,"val_loss":0.5410493509285152,"val_confusion_matrix_table":{"size":190,"artifact_path":"wandb-client-artifact://hwxwwggsmusqjrsvcwd3e9oseptvc1whbp6hjtlddimzcg8riq411n7zivz89w528a76h92s335mjaf6r9aqirv3f38g5c1bj54hr05re3pe24x1qxplo3kxtobpz3fe/val_confusion_matrix_table.table.json","_latest_artifact_path":"wandb-client-artifact://mq7ua11thk1m8zon1q4swhh5zdeocsiur6zht5o91t0rd11qgyw5zy4nw78jdjr0e4e9cg6bdslat0hfzg1dq90o3iyd64onblo6c9x9b5uyrnm90k3relqhal23afa4:latest/val_confusion_matrix_table.table.json","path":"media/table/val_confusion_matrix_table_49_aad4ec7b87912b846409.table.json","ncols":3,"nrows":4,"_type":"table-file","sha256":"aad4ec7b87912b846409d10a20f78ce4d64b6184a26793900f11038d82b528ac"},"train_loss":0.3757678412880341,"val_accuracy":0.775,"test_f1":0.8533333333333334,"test_accuracy":0.8533333333333334,"val_f1":0.6511627906976745,"test_recall":0.8888888888888888,"val_auc":0.8520049607275734,"pooling_type":"mean","test_auc":0.9186253561253562,"_timestamp":1.745258114421957e+09,"confusion_matrix_table":{"ncols":3,"nrows":4,"_type":"table-file","sha256":"59853f08e24af705950fc37301c3393f6cc560e49a216774fe8dcef485b17b43","size":189,"artifact_path":"wandb-client-artifact://qzt6mu5o4muhb3hhmrnleq02decdpjbdaut0e0wih2a7baj3ku7o8nh95zfedyn17rvy6tk32uuxhdf5b2b0nspzgvn1esflh7ihdow5qtoi0u1aa4m83g5l18jxl0nh/confusion_matrix_table.table.json","_latest_artifact_path":"wandb-client-artifact://6jh8at5dh3cn49oh08cjn7sc1teyc5lhecf5oh3srfhntyexodvzp1g5dq7hdefijjfmvhinohrdo9l04jed15gh7uadhen02s859u5u52zzsbketew1i55tu09kqjpa:latest/confusion_matrix_table.table.json","path":"media/table/confusion_matrix_table_50_59853f08e24af705950f.table.json"},"_wandb":{"runtime":389}}