{"test_f1":0.9185427752762997,"val_confusion_matrix_table":{"path":"media/table/val_confusion_matrix_table_5_dea3077c27a3db2e963c.table.json","ncols":3,"nrows":4,"_type":"table-file","sha256":"dea3077c27a3db2e963c44481a947745fd0851116be695b70529c8559383d06e","size":194,"artifact_path":"wandb-client-artifact://t5p7hwfcsbdgg54nt3osxdg4nj7zke37m8vwzut1vl7dlmebq0w62v62i7g1dglj1evr808icvrgu3abc0no03n1gtj4bclssazbjwh3x280qxjg97cbmpv5qyjf1475/val_confusion_matrix_table.table.json","_latest_artifact_path":"wandb-client-artifact://nm8i68igru8zz8n3u68y9b6n4kp31uk541ddownqlzntebsrq1y95x8wclga4nps4tlr90e7plfo2ci2hvsfg0tz775xa6tuvrgq2brg0882v0j0gf969qyd0dgu84ij:latest/val_confusion_matrix_table.table.json"},"train_loss":0.12023152402142227,"val_loss":0.7137297717265219,"_wandb":{"runtime":764},"val_auc":0.9414888345531789,"_step":6,"pooling_type":"max","test_recall":0.8650732459521974,"val_accuracy":0.8157596371882087,"train_auc":0.9891933709948082,"epoch":6,"test_precision":0.9790575916230366,"confusion_matrix_table":{"path":"media/table/confusion_matrix_table_6_a66f0ff828a292a422b2.table.json","ncols":3,"nrows":4,"_type":"table-file","sha256":"a66f0ff828a292a422b27c76b82b5d28b3e3c39132294030ef2eb011fd5444ad","size":194,"artifact_path":"wandb-client-artifact://ui2iauyvyuuz03fn6affsq679jf4qdf0jwlpuib0d88ykix7h8vya52dx58zlc1ysu42s4rqcu3w51dvdpgnw1w22a6c3jg2ujhsshgsyp0c632x51zh04o8npfbuj48/confusion_matrix_table.table.json","_latest_artifact_path":"wandb-client-artifact://wv4iuwu95z7qwkrhu95jm541a0scm5pg1xqryvkb572enli8r45wl6mtv7g3zjacmsd95gd55krmnfhxd8kn6uervg7ev2vzmf9f7380gpx8aukpbxl0k6vizoxg74oq:latest/confusion_matrix_table.table.json"},"val_f1":0.882713821725009,"test_accuracy":0.8890746934225195,"train_f1":0.970709652054256,"_runtime":761.191885082,"train_accuracy":0.9577484758258897,"test_auc":0.9436829147591796,"_timestamp":1.7422303929368145e+09}