{"accuracy":0.984,"_wandb":{"runtime":184},"auc":0.998877226087982,"experiment_completed":true,"test_loss":0.04287124377599781,"_timestamp":1.7483774409853523e+09,"_runtime":184.5066207,"_step":0,"f1_score":0.9884892086330935}