{"train_loss":0.3978522857252392,"_timestamp":1.7417665080107677e+09,"test_accuracy":0.7933333333333333,"val_f1":0.5757575757575758,"train_auc":0.9000800211668893,"val_loss":0.5249400027189404,"test_recall":0.8472222222222222,"_wandb":{"runtime":296},"test_auc":0.8823005698005697,"_step":50,"val_confusion_matrix_table":{"ncols":3,"nrows":4,"_type":"table-file","sha256":"6819354e97b3414ebd150e4ed7783ebc5baf7b10407f073ae1a824e37c2a9251","size":191,"artifact_path":"wandb-client-artifact://l01d70oop9hvyhw9qh41ui8336o9n8cjpc8rdc0afn6ttkzvaphc96a1xl5j36o3qo7ozhj9z6epr0swq0q4mu6trvzapw9defg1a4hci2a9x5jgitwylgn13e1osnl3/val_confusion_matrix_table.table.json","_latest_artifact_path":"wandb-client-artifact://aopuvp7e61b00pjl23a2tf0l4nsvf9qcsr511a6ipk2mqlxlf30xcyldo5e663eg26nragj472xhfs1tcyux96erek3isoqeliug3d181zcyg1r2cscwk2s24zqzqqqt:latest/val_confusion_matrix_table.table.json","path":"media/table/val_confusion_matrix_table_49_6819354e97b3414ebd15.table.json"},"train_f1":0.765079365079365,"val_auc":0.8567589913187268,"test_f1":0.7973856209150327,"epoch":50,"val_accuracy":0.72,"_runtime":293.657407877,"test_precision":0.7530864197530864,"train_accuracy":0.815,"confusion_matrix_table":{"sha256":"366b5c3362ff7dafcb0dfeaa8734500123bb7dd6333591ad87c6b619f58e7dc2","size":190,"artifact_path":"wandb-client-artifact://2x4rjaibue6603efh45dkgt71869hg13tlzq14tcnk41nrxqcvsa1c19y6k2ti9sm60kfjcpf5c8kvbbocl9jrygt0a2vmlrxkypmi92ykn5q9ozsmr31co1vbdleyoa/confusion_matrix_table.table.json","_latest_artifact_path":"wandb-client-artifact://m0aua5j18eetm4rf0toekekef2ov5gia2449ie5sw749psml0sno4h3j60yqszzxoj8pewi40b51h2i69fhu1na3pi8cmt5ogtznkb3gjpjhqd70z0kfw8q93i0m6wf4:latest/confusion_matrix_table.table.json","path":"media/table/confusion_matrix_table_50_366b5c3362ff7dafcb0d.table.json","ncols":3,"nrows":4,"_type":"table-file"}}