{"train_accuracy":0.89,"epoch":22,"test_f1":0.8368794326241135,"val_f1":0.631578947368421,"train_auc":0.9617253596112519,"test_recall":0.8194444444444444,"test_precision":0.855072463768116,"_timestamp":1.7452657929740818e+09,"val_confusion_matrix_table":{"size":190,"artifact_path":"wandb-client-artifact://5gdhjiehn8n8bvh7nxohcnirms0tmx5mkxu5u3mis4axyej3vlweeh9h5wydek8pj233slc99ahvb95zdkcbp431d6jlx1p9ywcsmkw84fxgj5lyhx28okretlu1qr6z/val_confusion_matrix_table.table.json","_latest_artifact_path":"wandb-client-artifact://tzdrc0ky8exmciyxt93ep2woaypxixujuazezyt7g7gb52odxwd9nxrjdtuopb6g0h384liuruwl5mh8e93sojb9jj395l893y4p2t7l5fdn31rykbi408t85ddju1ic:latest/val_confusion_matrix_table.table.json","path":"media/table/val_confusion_matrix_table_21_006e83ae2f27cb74708f.table.json","ncols":3,"nrows":4,"_type":"table-file","sha256":"006e83ae2f27cb74708fbb06360b3621bac6b06d0ff0f8ba881897e5917f5e5f"},"test_accuracy":0.8466666666666667,"_wandb":{"runtime":246},"val_accuracy":0.755,"val_auc":0.8484911120297643,"val_loss":0.5064149463921785,"confusion_matrix_table":{"size":190,"artifact_path":"wandb-client-artifact://y0blhahggcmifapq81cfosm95as89pdzaorwydkbr3ki3rbp9i22i28apxwypyzc0zy7u3a0rajj4tl41mbuhvilptgwewticnhf28vb2h8eu5prwsw0yh5yrv573mn0/confusion_matrix_table.table.json","_latest_artifact_path":"wandb-client-artifact://0rla5y4xvnx1vy8u3472ch1zz7b8jcj0x3klwm63uuyzrjbuejngt43nyn302w774f7dac6wh3fj3xelkurpqx0yr6nfwzndt2ex2orwmgs4kn7g3d7u415lngnysv8j:latest/confusion_matrix_table.table.json","path":"media/table/confusion_matrix_table_22_7e10717465b51d808248.table.json","ncols":3,"nrows":4,"_type":"table-file","sha256":"7e10717465b51d808248bbe0edad37e0d36f3464d34ce935c1d2d975889f3a3b"},"_runtime":246.477924692,"train_f1":0.861198738170347,"test_auc":0.9090099715099715,"train_loss":0.260578806377398,"pooling_type":"max","_step":22}