{"confusion_matrix_table":{"_type":"table-file","sha256":"bc93a8501deaadcb01b80e442f94ff94d14a08d8b08428e564207b3d631ddd32","size":190,"artifact_path":"wandb-client-artifact://8ya4yvlnpmdj7g1fz4102ygh2zdoiatzlh0vh7x51ci12tbpgei04cwgavdzjc5hhj4zhx9pntcwplr8oegkgpm1nojsle8othyuhlhxp1rydwfpkkxw3s5rnc3w1v51/confusion_matrix_table.table.json","_latest_artifact_path":"wandb-client-artifact://mfltujmylkpc25f96m1mv92vxh3igox7ur6lwhz13cknbkq1rg94pshcwztsnlvuschqx0ke117bwo5r0m2m1lnqs4s6fxytlcmrzawmpu4xq9ypmu7xmjcv97bfe08k:latest/confusion_matrix_table.table.json","path":"media/table/confusion_matrix_table_27_bc93a8501deaadcb01b8.table.json","ncols":3,"nrows":4},"test_recall":0.7916666666666666,"test_precision":0.7702702702702703,"train_loss":0.35747122687869703,"_step":27,"val_f1":0.6906474820143885,"epoch":27,"val_loss":0.5607152120862157,"val_accuracy":0.785,"train_auc":0.9186300892494144,"val_confusion_matrix_table":{"sha256":"39e63cbdebc5f9bdeb94d32e72ed1de6b42f2b94025e0aa4bab4f59242e3fbbb","size":190,"artifact_path":"wandb-client-artifact://afkx3jcnz1yk5bso0n82n280xyruykvi3udnu6r9i6vnnr03ug12cf1yn5el8s87ftk50h476sgv6ajhq398lfg3ujdgshr18i7wjrrw37lu84uww0pgrfd23z82bn9h/val_confusion_matrix_table.table.json","_latest_artifact_path":"wandb-client-artifact://9pxdx0wjs43fxa45z9atv6joo7pdnk2gu4mmuqn7xirurntao79weawlq4kc63v3rwnpuqz2jbxq0jr5k4m829mex8vcba0tdxusb2sope88osdb56lxfpjp841cjs6p:latest/val_confusion_matrix_table.table.json","path":"media/table/val_confusion_matrix_table_26_39e63cbdebc5f9bdeb94.table.json","ncols":3,"nrows":4,"_type":"table-file"},"_runtime":275.233568753,"_wandb":{"runtime":275},"val_auc":0.837122778007441,"train_f1":0.8150470219435737,"test_auc":0.8733974358974359,"test_f1":0.7808219178082192,"test_accuracy":0.7866666666666666,"_timestamp":1.7452510750792623e+09,"train_accuracy":0.8525,"pooling_type":"attention"}