{"val_auc":0.8352272727272726,"test_precision":0.8153846153846154,"val_accuracy":0.6533333333333333,"val_f1":0.3157894736842105,"test_auc":0.8577279202279203,"test_accuracy":0.7933333333333333,"train_accuracy":0.7505882352941177,"_timestamp":1.7418659371181304e+09,"test_recall":0.7361111111111112,"_runtime":48.593192244,"_wandb":{"runtime":48},"val_loss":0.6384803464015325,"train_loss":0.5204009977848653,"train_f1":0.6738461538461539,"confusion_matrix_table":{"_latest_artifact_path":"wandb-client-artifact://tqmhmjti0s9xseifnyj208gu07vbs19b1y53v8j6dl4j0se1smks3gompgh1u5bzpe4qeaaet58dacvqnb9xdjx7dexm5u7mzybt8q5bq5vs8oc60fpo1itvhlxk9zcb:latest/confusion_matrix_table.table.json","path":"media/table/confusion_matrix_table_5_7b4316c17a6a918fdbf1.table.json","ncols":3,"nrows":4,"_type":"table-file","sha256":"7b4316c17a6a918fdbf14835958878b9541b3d805cc1473af0f77200a30ce8e2","size":190,"artifact_path":"wandb-client-artifact://qin93wpiwo08y8s6c0xgen5lnmxo9lvsf0rbgn5ux69zefeoemjt1hv81t0xwhu1by6za6zpuiutztcvpjt7uz12vl9j6eou95ww0za89n60nwr000welifoa6zd2gut/confusion_matrix_table.table.json"},"pooling_type":"attention","train_auc":0.8120320962659209,"_step":5,"val_confusion_matrix_table":{"size":189,"artifact_path":"wandb-client-artifact://h53amxelziwjqbdia2x27fhsg30zr7fuqffecczwnyoqud9onjt0cz2x8ysszlap7z6ffy39wloriv0gzyhry7i135msdqd4vkt7eu72hyi0pe3r8euv4dcrxrskm9qs/val_confusion_matrix_table.table.json","_latest_artifact_path":"wandb-client-artifact://ber8xcaah4gdr6gfwelxkarghvwydbmwsum229c85ax26vhnc7bf201trnxywg72ebyxf7zrlozbrlzux6tqrza30ms5ekz5ibvmw6b4t9mzfca4orrrm100hhd38vgf:latest/val_confusion_matrix_table.table.json","path":"media/table/val_confusion_matrix_table_4_e16868a49c42d7f9d929.table.json","ncols":3,"nrows":4,"_type":"table-file","sha256":"e16868a49c42d7f9d929e96e95ebb8a790a70d30cad6b05e97908f95ea4469a9"},"epoch":5,"test_f1":0.7737226277372263}