{"test_accuracy":0.9509476031215162,"_step":15,"_timestamp":1.7453477222200475e+09,"_wandb":{"runtime":1360},"val_f1":0.9706687524442706,"train_auc":0.9958043608173448,"pooling_type":"attention","train_loss":0.06815398212242314,"test_f1":0.9653543307086614,"val_auc":0.9905136349236006,"_runtime":1358.899310287,"epoch":15,"train_f1":0.9821376281112738,"confusion_matrix_table":{"size":193,"artifact_path":"wandb-client-artifact://bbo75g7tbic2ihwuu0uykgwqxlkb5s1kjjrnrz625dd084oq11ghsa90vmw96t4of97j499uw3llcu7klmuqa1k96ojplu9ig57wlelg54puf16vuombbozql90ds9yv/confusion_matrix_table.table.json","_latest_artifact_path":"wandb-client-artifact://792vaa8e5yy56rmx942nedl2s2atk9zcgt98451epox00kdyepc558tf37qp28w3tduhn83ufz3td28zrg67hvy1w2ljqjqaoo33rg4yf2k2nl55x5a1wtt6glcmc5f8:latest/confusion_matrix_table.table.json","path":"media/table/confusion_matrix_table_15_ba170d4197ba8c45b837.table.json","ncols":3,"nrows":4,"_type":"table-file","sha256":"ba170d4197ba8c45b8375c0d3548a264a3a43866a41fa0222bd9e8dbddbb0004"},"val_confusion_matrix_table":{"_type":"table-file","sha256":"0b1c5c6c4eefa46c4d685c670232b28b7b9e014f6ab1a7c7898882f77b72390d","size":193,"artifact_path":"wandb-client-artifact://ggr9p05e2hzwml0dsnp7czsr5x5mzqfm6aoh68wa8yxcvhyl69ouqwxol4wk8p9f2pyp3igv4pwwapypiiwv00hzkfwokszdd5xklsc7hsunqq9zok7dd4kong2n134y/val_confusion_matrix_table.table.json","_latest_artifact_path":"wandb-client-artifact://s3izzy2xzcy8isjx1t4xd5tmtl64kbbt7d5liln3hb00r1hpqqf5c6gboj8ebjvolmil0w5wxvpuw97zgxzvm9upar5y80k7u11j5hr9vxqdlrwnagu11g3i9zqy7jln:latest/val_confusion_matrix_table.table.json","path":"media/table/val_confusion_matrix_table_14_0b1c5c6c4eefa46c4d68.table.json","ncols":3,"nrows":4},"test_recall":0.9452582883577486,"val_loss":0.11953946280825367,"val_accuracy":0.9574829931972789,"train_accuracy":0.9740535942152275,"test_precision":0.9863234111021721,"test_auc":0.987372189963218}