{"test_precision":0.8923076923076924,"test_f1":0.8467153284671532,"epoch":28,"_step":28,"train_loss":0.4220368701798725,"train_auc":0.8872637278247795,"train_accuracy":0.8125,"confusion_matrix_table":{"ncols":3,"nrows":4,"_type":"table-file","sha256":"aee9391e59f6e93c3a0430d2d348cec7c81689eab6c7e18c6e345f25c3fa1ba0","size":189,"artifact_path":"wandb-client-artifact://ah6w60p64dubz6a3bds3dizwt1ey8y2vdc35s1p57usimbvmtufpk3cqf2ejabapwjigfm8znfgvjmaudh59saawbtf4s6bt3qmq17wpxqr6b7vjnwejn9dhi307252f/confusion_matrix_table.table.json","_latest_artifact_path":"wandb-client-artifact://cgio6vouqo0f869p8gb0vkcw7iwu6b7culoo1jcfdlgz136mpnqogyzgqn2rlv6hpdffn6624l6qc74j988qyjyqdnz6y4hgprfncjrmgk94xn5cp4mdp1rzjuyf37og:latest/confusion_matrix_table.table.json","path":"media/table/confusion_matrix_table_28_aee9391e59f6e93c3a04.table.json"},"val_auc":0.8895204630012401,"_wandb":{"runtime":270},"test_accuracy":0.86,"train_f1":0.7641509433962265,"val_f1":0.5967741935483871,"_timestamp":1.745255308553632e+09,"test_recall":0.8055555555555556,"val_confusion_matrix_table":{"_latest_artifact_path":"wandb-client-artifact://yjb4rfwirtxh5fugjsorwzwspzy6u12oz9efxn6d8lovdjz8i9prr0i0s9slxqhkmrexb4zyat9x3yrz3e40e1z94mvkmwd8owacxg0blvog4amsz19iv3ru3x3v79pi:latest/val_confusion_matrix_table.table.json","path":"media/table/val_confusion_matrix_table_27_a0b4cc767f166e9aead5.table.json","ncols":3,"nrows":4,"_type":"table-file","sha256":"a0b4cc767f166e9aead5099d9bef1f2582effbf24a6b23bc70bda9f59078c4cf","size":190,"artifact_path":"wandb-client-artifact://8viwb8t2l0c7a8u6xaikl968rfwhjukm6f5tamfg5gr2nrndt4w3gjn6phr1641wndjznflp2dbtnp473mdi3cqqs6iib7am5f4pps6iqr2k66d1aago5lx9mlv5mdxl/val_confusion_matrix_table.table.json"},"val_accuracy":0.75,"val_loss":0.49399438525550066,"_runtime":270.159076783,"pooling_type":"mean","test_auc":0.9106125356125356}