{"auc":0.9993820025946456,"test_loss":0.041501202256649404,"_timestamp":1.748451872255678e+09,"_runtime":97.094683806,"_step":0,"accuracy":0.985,"_wandb":{"runtime":97},"f1_score":0.9892627057981389}