{"_runtime":227.400777155,"pooling_type":"mean","val_f1":0.6764705882352942,"test_accuracy":0.84,"train_auc":0.8651966003910713,"_timestamp":1.7452544853198218e+09,"_wandb":{"runtime":227},"val_accuracy":0.78,"train_f1":0.724960254372019,"train_loss":0.45517957883668714,"val_loss":0.4851634694263339,"train_accuracy":0.78375,"_step":18,"epoch":18,"confusion_matrix_table":{"artifact_path":"wandb-client-artifact://1zgjza98y3wkzdemeq5od7a9819fpak2hy198eh3lmvja7w3kaiejc3ubxx3dbpsa330hjf4eklaqgz0a1d4s3us2dk7urxzqs3wuwm8pa7p8ndngcwhsjue4rxffr1k/confusion_matrix_table.table.json","_latest_artifact_path":"wandb-client-artifact://qqx7uo4185pasj6l8h0itf7w1dau2t7g3wgfc9a5m57dcxigwtrn5ija9hdef9dbn1hgjztjuwhwmivb9rdknwduk3v6s63zab19ddqwl5o6pnzg5osj9ab02i1m6tto:latest/confusion_matrix_table.table.json","path":"media/table/confusion_matrix_table_18_ee3ca6ee48c768659411.table.json","ncols":3,"nrows":4,"_type":"table-file","sha256":"ee3ca6ee48c7686594112bd8894eee74516f277027cfdbb50e6d033b7d310acc","size":189},"val_auc":0.8758784621744522,"test_f1":0.8208955223880597,"test_auc":0.905448717948718,"test_recall":0.7638888888888888,"test_precision":0.8870967741935484,"val_confusion_matrix_table":{"nrows":4,"_type":"table-file","sha256":"0a5fce03d90b4e18583732230b0d782c09f07a5ef977e7598d6144bc62c2e014","size":190,"artifact_path":"wandb-client-artifact://lkoa48cnoys0wna38dplcx470e48nx89i7n85lvg12q1y4embui267jv62li8d7902u10abl0ouqcm7921m0bez7z0bz6ko4xxqs9p3gikapblcb9bxfbks33hir35x9/val_confusion_matrix_table.table.json","_latest_artifact_path":"wandb-client-artifact://h8gw84shlbe4cgh7wlf1dvkvk7q9pkv276259zyzn04s6vw8vyv8kdwp07gmej7hfj7vxgtepqk5hfml156epqj3a0q1dp5u6i9m27ev1futk745i8ooambqlr8m07fg:latest/val_confusion_matrix_table.table.json","path":"media/table/val_confusion_matrix_table_17_0a5fce03d90b4e185837.table.json","ncols":3}}