{"_runtime":349.162118879,"epoch":20,"test_accuracy":0.8466666666666667,"train_accuracy":0.85875,"train_loss":0.35578640416089913,"confusion_matrix_table":{"nrows":4,"_type":"table-file","sha256":"c12426a08d9debbb037708a523fdf2e00c8807f46dc93a1bff8648f200cf275f","size":189,"artifact_path":"wandb-client-artifact://kk48qw7hk3qv5bs5bg38kom1qvr3arrn0qfra9cvy3scoz3m6nuk9ra2b8hh7m73iy189754x36xk95libj1i1hc5o1xa2u90cfvy3ddta1qc0hcopf52ju1ovjav3l2/confusion_matrix_table.table.json","_latest_artifact_path":"wandb-client-artifact://ti1b24ugsynj62o80pbrff4i96jlgafx1mf04ttmtx56e38j68jalar7i00jhitvtv1z9pnyqcbeu6y6buyxaj9rkxlypqjxaranx2ky7f0s9w38zyok9stz8mwsaenf:latest/confusion_matrix_table.table.json","path":"media/table/confusion_matrix_table_20_c12426a08d9debbb0377.table.json","ncols":3},"_wandb":{"runtime":350},"test_recall":0.8055555555555556,"test_precision":0.8656716417910447,"val_loss":0.5554798040445894,"val_f1":0.7116564417177914,"val_confusion_matrix_table":{"_latest_artifact_path":"wandb-client-artifact://csibch2evrkz2n7975vjzpn9kir6axktrwu3uyzo8h50jthl04y99l8ubrqhwqoah0f3aapq57iz5gmjrwm7e80163kfkyopy832hkdnvknksy8rvnjkp1t93tbi4w49:latest/val_confusion_matrix_table.table.json","path":"media/table/val_confusion_matrix_table_19_48920bdb130d4baefe9f.table.json","ncols":3,"nrows":4,"_type":"table-file","sha256":"48920bdb130d4baefe9ff24b64a10c327309bd1937daa02b3357620a60138362","size":190,"artifact_path":"wandb-client-artifact://9kahym9wbtrbt9yinatyq4qthj9logw2q9thql97z8swfi6c0yzdonowp8x5yf73m5v6x82k2i4jw4to5e8zpa1w6sxx5ng5mq5b7cyt7c30rmlhvw5l6fo3v97zjv0r/val_confusion_matrix_table.table.json"},"val_auc":0.8173832162050433,"_timestamp":1.7452527026065483e+09,"test_f1":0.8345323741007195,"pooling_type":"attention","test_auc":0.8908475783475782,"val_accuracy":0.765,"train_f1":0.8231611893583725,"_step":20,"train_auc":0.9196723004149484}