{"val_loss":0.695919139245525,"test_auc":0.9036680911680912,"val_accuracy":0.65,"test_precision":0.7790697674418605,"val_auc":0.8458040512608516,"test_recall":0.9305555555555556,"test_f1":0.8481012658227848,"train_f1":0.8589147286821706,"pooling_type":"max","_runtime":333.12071341,"train_auc":0.9488090398105307,"train_loss":0.4372703571143052,"epoch":30,"val_confusion_matrix_table":{"path":"media/table/val_confusion_matrix_table_29_3bca7aa4cd56c5a659df.table.json","ncols":3,"nrows":4,"_type":"table-file","sha256":"3bca7aa4cd56c5a659df46db2569c08f60f0ce2d3d4bb849758c526d70c1cecf","size":189,"artifact_path":"wandb-client-artifact://ggw4j9p60zvahjkfkk62i5fsehwdwpnyytydh82nrjj559tuuhsti89js12wcmzdt2kv9mslzne0uol4qmfyjjrodw22kh0lm7p0vnku1imcdcc1j0c4djd9bnqv563s/val_confusion_matrix_table.table.json","_latest_artifact_path":"wandb-client-artifact://qbw58x2wge1gj16tnw6ag41mmwjomi7s8fhuqlcvkxivpoi100aa18tg3ut3c8243byu3q06c9lwx4eqydi5vavlal5u8o14qsx5d4jci7xq0ui85ra6akuzk1juz9ix:latest/val_confusion_matrix_table.table.json"},"_wandb":{"runtime":333},"val_f1":0.6818181818181818,"_timestamp":1.7452621323291883e+09,"test_accuracy":0.84,"_step":30,"confusion_matrix_table":{"nrows":4,"_type":"table-file","sha256":"1ea00ca288eb6d8bfce23907600ac276b247020d4f8f94bd2d8188d060b9d2ed","size":189,"artifact_path":"wandb-client-artifact://78ws6l9sjua8om47xuicpic4pzyedauqai3uiyspgsu0sl7s2t4wxzm4gounqjot0ohq5nzchdhudtklwat9rqdr7sx64ky3epst1ubacqq8ku4xuuyc50wx26io2zhg/confusion_matrix_table.table.json","_latest_artifact_path":"wandb-client-artifact://6g8vf0xzfjvhxzdzm7fi54kwphh7xsy8ueaddapp1gdzktt06hiehj26yfe5qoolkuct5mkd3wqgmwxusr27fgm4pzgig0hsnj0qsrl8axyy093bmet2ugql4plbe7c4:latest/confusion_matrix_table.table.json","path":"media/table/confusion_matrix_table_30_1ea00ca288eb6d8bfce2.table.json","ncols":3},"train_accuracy":0.88625}