{"_runtime":119.995463984,"test_loss":0.04388358188944025,"accuracy":0.987,"f1_score":0.9906001446131598,"_timestamp":1.748449291444811e+09,"auc":0.9995376813303455,"experiment_completed":true,"_wandb":{"runtime":119},"_step":0}