{"epoch":39,"_step":39,"val_loss":0.4912429599231109,"pooling_type":"mean","test_accuracy":0.8533333333333334,"test_precision":0.8205128205128205,"val_auc":0.8514882182720132,"test_f1":0.8533333333333334,"confusion_matrix_table":{"_latest_artifact_path":"wandb-client-artifact://xhhe9v5et5xmylvms5zo3aya8hgwp5zjqvn1rc0zs2td6f9447a8dy55mrihlsxsg2yvke5vvcnabhctltqcwsbr7ccldiu4dr1133qyh2ax2i4i3dblo5zxjniy9zb4:latest/confusion_matrix_table.table.json","path":"media/table/confusion_matrix_table_39_59853f08e24af705950f.table.json","ncols":3,"nrows":4,"_type":"table-file","sha256":"59853f08e24af705950fc37301c3393f6cc560e49a216774fe8dcef485b17b43","size":189,"artifact_path":"wandb-client-artifact://6bzrjjz0pbwho25i8na0rbsj0jvlsihs09m73fajj5ix9z5fuxvwokd0alju17rrm7m02ksrldzhfbcx1dbdwg6hju3dup2j2rrwht54ma2rcmuz2v1iardrm4u42poe/confusion_matrix_table.table.json"},"train_auc":0.9020482837395698,"_runtime":287.653267342,"test_auc":0.9161324786324786,"train_loss":0.3895918668255763,"train_accuracy":0.83125,"_timestamp":1.7452565282275395e+09,"train_f1":0.7900466562986003,"val_f1":0.7368421052631579,"test_recall":0.8888888888888888,"val_confusion_matrix_table":{"_latest_artifact_path":"wandb-client-artifact://3xrkbicmcnpne57eqw4ss6dl4qd8topcu9kc343bf1k4fyfftpasvbaz0fj21f5novatgxm5r4fc6gvjcsuzpgsk0cvf1glzl14yl83arvy8icidh0rhhvrfcdvl9t6v:latest/val_confusion_matrix_table.table.json","path":"media/table/val_confusion_matrix_table_38_a2d515103c9fd18b7e83.table.json","ncols":3,"nrows":4,"_type":"table-file","sha256":"a2d515103c9fd18b7e836e36c81dcd3756d0268254c574a16c6653ea8e7843ad","size":190,"artifact_path":"wandb-client-artifact://tcp0akzcyjw7bc16lusly2uu9u6zqrmfog6g8wuhpitgjjxmc81773nvedn7iquhmlql7iwfawvsv5ft51fgloyj3cz620kz5adp4q966fkm6zxckid7wkx8955rlpk6/val_confusion_matrix_table.table.json"},"val_accuracy":0.775,"_wandb":{"runtime":287}}