{"confusion_matrix_table":{"_latest_artifact_path":"wandb-client-artifact://evlzw11244adb99kcbstshlqiwi8dr881ci73d5fefwoszec3ej5jqxb2ngrcsyfs2p17zkzxahpnl708awts8d8ypsa1qil9w4gfbb796s0na4x8ycl9p4feuwno5xv:latest/confusion_matrix_table.table.json","path":"media/table/confusion_matrix_table_15_876ed204a7faa2609aed.table.json","ncols":3,"nrows":4,"_type":"table-file","sha256":"876ed204a7faa2609aed22bbf179a22e736d1968c6186c3bf6db10f19bacd939","size":190,"artifact_path":"wandb-client-artifact://ub4fd3waft3vgexibvbz0bgqgd77opqg782cn1ccnw640dcada2qfyb5ims36v2lapjwxs7oad7ssewfyytvvdfhfzvkc0i4xoq3bqf4v996ccmop14i030r8gqvinf8/confusion_matrix_table.table.json"},"test_recall":0.8055555555555556,"train_f1":0.7060702875399361,"train_accuracy":0.77,"val_accuracy":0.785,"epoch":15,"test_auc":0.8625356125356126,"test_precision":0.7837837837837838,"test_f1":0.7945205479452054,"_step":15,"_wandb":{"runtime":260},"train_auc":0.843732858368988,"val_loss":0.48856311571449623,"pooling_type":"attention","_runtime":258.983798822,"_timestamp":1.74525046466383e+09,"train_loss":0.4983190289687877,"test_accuracy":0.8,"val_confusion_matrix_table":{"nrows":4,"_type":"table-file","sha256":"31e90178e43f05673e95da2ea9950ff789e31d33903046d86e8864b99ff6d575","size":191,"artifact_path":"wandb-client-artifact://m3h4dekkh44att2v68y0azv8nuvz3c0mqh71ha0qifd5kq3tok0z4k1w7w7esw9102v90b2685h1hyg60ovlybacletlq83blc6pv7jpifth2lvf9rzkcbqt5e79hbos/val_confusion_matrix_table.table.json","_latest_artifact_path":"wandb-client-artifact://o1e40ujzv6wg78tofwrizviv4n9fhu6w499nsuhgnobpkxs79h2beqmq40slvf8df4cv987d3i4ipqaa9o1vrdytj7kz6jo30jnb6e0fj3tq23em5lxq01axmy93gjtr:latest/val_confusion_matrix_table.table.json","path":"media/table/val_confusion_matrix_table_14_31e90178e43f05673e95.table.json","ncols":3},"val_auc":0.8437370814386109,"val_f1":0.7152317880794702}