{"epoch":5,"test_recall":0.8055555555555556,"_step":5,"train_loss":0.5418330292436568,"test_auc":0.8547008547008547,"val_confusion_matrix_table":{"nrows":4,"_type":"table-file","sha256":"9a271d39f9a57d1db496c4c96d928d6b3553e8105d3c7018f79831deb180406a","size":189,"artifact_path":"wandb-client-artifact://4x62av1hwsbri20zkga791zmx9w1n7bnusth812d4tnw78pwqjpk4rc8ka50vozgxm7z2tgtygcds3f606oglyqo0j0scc2euqp3aekffj6k5wsr5a9zarg2l1blolkz/val_confusion_matrix_table.table.json","_latest_artifact_path":"wandb-client-artifact://be2bk0wua73rpsbrk0zru4nqwtkzgz5pctza1svkogsadvixgpp749ahxpnk455q10we8jzonq753zg0nfe4matrwrkkt4zd5o97orss44sws9nv3chu2haziri2b3gp:latest/val_confusion_matrix_table.table.json","path":"media/table/val_confusion_matrix_table_4_9a271d39f9a57d1db496.table.json","ncols":3},"_runtime":34.442404545,"pooling_type":"mean","confusion_matrix_table":{"_type":"table-file","sha256":"35d929fc4da9de6233ba0e3b55bfc6d725850e48d7cbda03d7966457663a0469","size":190,"artifact_path":"wandb-client-artifact://ug7jlyayfk0397iqxtzspfsya6itkjoka9kxvyskggwolanq5v1etfsau7fr559lnad4sll8759pmssau4o32h6deg5fceb7hjotp9vukwdwu2ore1mbq1km9k9kq9ix/confusion_matrix_table.table.json","_latest_artifact_path":"wandb-client-artifact://f5qkvm80s4xmbdbv0uw8b8bak5qqf7b86er0vq0lgykesemoma9850v96hgvkbt4btclqy5m4hjbct9wp47b6ig06dh8rs2wh61l57al541xyrqquvrbzew9x9a2qkhh:latest/confusion_matrix_table.table.json","path":"media/table/confusion_matrix_table_5_35d929fc4da9de6233ba.table.json","ncols":3,"nrows":4},"_wandb":{"runtime":34},"train_f1":0.6294573643410852,"val_f1":0.33766233766233766,"test_precision":0.7733333333333333,"train_auc":0.7921463662932016,"test_accuracy":0.7933333333333333,"train_accuracy":0.7188235294117648,"val_loss":0.6080980018774669,"test_f1":0.7891156462585034,"val_auc":0.8326612903225805,"val_accuracy":0.66,"_timestamp":1.7418659747155223e+09}