{"test_accuracy":0.7866666666666666,"train_loss":0.5056711290995864,"test_recall":0.875,"_timestamp":1.7418674987770383e+09,"pooling_type":"attention","test_auc":0.8582621082621084,"epoch":5,"test_f1":0.7974683544303798,"train_f1":0.6876876876876877,"confusion_matrix_table":{"ncols":3,"nrows":4,"_type":"table-file","sha256":"3a842576d0f51a781a27a901339f22ad5d862f73e30dd9afab71a1d99c87f229","size":189,"artifact_path":"wandb-client-artifact://1fyyh9pyg0p8iehwv50vpi6rkppi5jst5e1i1fmn35s6blr6btv4iy9ep3wlpjj0eolz1qkng2rvf13p5kppudmkc33ogc2uzgc6gacck1rwo2gje1vlspw6uqi4qgcg/confusion_matrix_table.table.json","_latest_artifact_path":"wandb-client-artifact://shcheos5j3bbbzr3xp934bklkp97t9lvxf4dbck452uha94bcl2g9dygt2hnpoaca70sdk6p66b4xgkr6r7b3r9s8vdrjkb01jnebblbk901dsi0z1o8ay5lunuua9mm:latest/confusion_matrix_table.table.json","path":"media/table/confusion_matrix_table_5_3a842576d0f51a781a27.table.json"},"_wandb":{"runtime":47},"test_precision":0.7325581395348837,"val_auc":0.8484237536656892,"train_auc":0.823281803155866,"train_accuracy":0.7552941176470588,"val_confusion_matrix_table":{"path":"media/table/val_confusion_matrix_table_4_dd57a8cceb4506d56bd4.table.json","ncols":3,"nrows":4,"_type":"table-file","sha256":"dd57a8cceb4506d56bd416c560f9fbf91be060c2e782ff19f83ea4c25fc7c3a6","size":190,"artifact_path":"wandb-client-artifact://7ooopfd8llaxh8t1co16tn7a0reqsu267ez15cv6658see544p4zt2gxm7xecuswn7qkd4gljz3w8pcjb4x86hl7lrsmyk8vu25v3kgksh82d92y6e74l7l0vfn3rvwv/val_confusion_matrix_table.table.json","_latest_artifact_path":"wandb-client-artifact://sq9528m8xwpq6rbt6rxdd8oa2i8xavmxcqbr1qp88cnjb0fnh9p82wzjq2c95aj6iym98ipm9b9xjg2rzmp5v2gtp1dx3nmzmfhpodubfcliwwxifo0yeie7s9ykjavd:latest/val_confusion_matrix_table.table.json"},"val_f1":0.7575757575757576,"_runtime":47.636868493,"val_accuracy":0.7866666666666666,"_step":5,"val_loss":0.5042616473759214}