{"train_f1":0.653555219364599,"test_f1":0.7786259541984732,"train_accuracy":0.7305882352941176,"val_confusion_matrix_table":{"nrows":4,"_type":"table-file","sha256":"76e736429584986676da971276b9399d15ebb338b52995011bdbe869e59f4243","size":190,"artifact_path":"wandb-client-artifact://1faxdaz9y221r669vaitazzba8qjaqblbzt2wek4y8bfevazfblcextb7u38n5n2arsb8gumukx03877q56obd0xfz6hpf3fugz1kn746dvg3xa1rqprc5jhizdb442u/val_confusion_matrix_table.table.json","_latest_artifact_path":"wandb-client-artifact://60ag4wx5mq0lxvsrcugi0bl978k18qqm0kagwyy8l1fsltbvxa9huorj3x35kkznxlwe671vow4j52nx767kf5ab16ksle8fixqjh937ru9nui0uu86nfq4b6qvnqfxu:latest/val_confusion_matrix_table.table.json","path":"media/table/val_confusion_matrix_table_4_76e736429584986676da.table.json","ncols":3},"_wandb":{"runtime":29},"confusion_matrix_table":{"_latest_artifact_path":"wandb-client-artifact://4enggom7vygr6gkcdbtfrtlo0m0whme3azphhf25smmxd6qp2h66em38uvnb8oww2s5f5hpmfeuvucnfeebb5dqf8j4q7tjlmr4i4cp7ikho6etz649xf04xb2s6heyq:latest/confusion_matrix_table.table.json","path":"media/table/confusion_matrix_table_5_4faa6a363a13b83088f3.table.json","ncols":3,"nrows":4,"_type":"table-file","sha256":"4faa6a363a13b83088f3faf1b083062ea3d9bd96c514f6b7e57572824e677414","size":189,"artifact_path":"wandb-client-artifact://slta3uwctgte38mgw9mq4tycylxkbeushjf0ns7ddib38uf4flzbji827l3lh6pz1td1wacaqq8gckmi2owmit6zmm7fhsx2r7lpcf8fjj4zw9kkkhwg0eoxzowpxtqy/confusion_matrix_table.table.json"},"val_loss":0.5123646487792333,"val_auc":0.8258797653958945,"_step":5,"train_loss":0.542677638712613,"pooling_type":"mean","test_recall":0.7083333333333334,"test_auc":0.8607549857549858,"_runtime":29.596326729,"test_precision":0.864406779661017,"_timestamp":1.7418675315034645e+09,"val_f1":0.6545454545454545,"epoch":5,"test_accuracy":0.8066666666666666,"val_accuracy":0.7466666666666667,"train_auc":0.7900845872724465}