{"_step":14,"_runtime":1412.397148109,"test_f1":0.9644268774703557,"val_f1":0.9680400462071621,"confusion_matrix_table":{"sha256":"6ab9cb1a9d804a7a54a6041ae472c0337228aba36dfdcc4d8e3a8382eabc8292","size":193,"artifact_path":"wandb-client-artifact://3lieg2we9ipcptxtvhmy4rxn0zun36vu00337ndb3c3svfmjh7p7g5gfunan43uvxsu87xbdryh7g0b8fvciiuk80cgyxskouvsd32wz0xvn6sl6e2831lx6s0avi2vi/confusion_matrix_table.table.json","_latest_artifact_path":"wandb-client-artifact://7fkb8b8w0ia7n03u4ot1e7wt934cf9abpbhai4yqbj40hycpt9f464o4v3dx85z5c5pb2bg8no9zm3c3zsuk2bg9cej432ncxr8r13g6o419lu5jfdw3foyvq7k6u100:latest/confusion_matrix_table.table.json","path":"media/table/confusion_matrix_table_14_6ab9cb1a9d804a7a54a6.table.json","ncols":3,"nrows":4,"_type":"table-file"},"test_precision":0.9894566098945661,"test_accuracy":0.9498327759197325,"val_auc":0.9920424360088707,"pooling_type":"attention","val_loss":0.10942093321030534,"_timestamp":1.7453680036221137e+09,"train_f1":0.9808668488871535,"test_auc":0.9874373457398206,"epoch":14,"val_accuracy":0.9529478458049887,"train_accuracy":0.9722104069190416,"train_loss":0.0736289656710706,"test_recall":0.9406322282189669,"val_confusion_matrix_table":{"size":193,"artifact_path":"wandb-client-artifact://4k7myhw5ixq9shna9vv52apa5cy3evw6ghf0kzkdmv0x70qqfq0ses7k43npqwj1idkm2k0spk5hmcelpmpb8024y9bew4ye7m301gecn9dvl2i03sf6pymey1gaarbo/val_confusion_matrix_table.table.json","_latest_artifact_path":"wandb-client-artifact://29gkuj63q5zvbfy7lzig8t2f4kleo8gcdcn3o22xioyl68vcbvtn028gvhpqyi67hg5a2wu3izm4waek5tbivqcsjbq0m4brlri6n81vipgmnr2nmictilgjkdyz3lvl:latest/val_confusion_matrix_table.table.json","path":"media/table/val_confusion_matrix_table_13_9b3dbbcf00d486f9fb6e.table.json","ncols":3,"nrows":4,"_type":"table-file","sha256":"9b3dbbcf00d486f9fb6e81f5d08bbce2c7af4bdeb8308a41a870e85e4b13d6e5"},"train_auc":0.9955899453906579,"_wandb":{"runtime":1414}}