{"_timestamp":1.7453510901939957e+09,"val_auc":0.9798956970991771,"train_f1":0.9636274987810824,"pooling_type":"attention","_runtime":903.017658626,"train_accuracy":0.947114702963278,"test_auc":0.9830253688670186,"epoch":8,"test_recall":0.9406322282189669,"train_auc":0.9838115844517197,"train_loss":0.17720743928492375,"val_confusion_matrix_table":{"ncols":3,"nrows":4,"_type":"table-file","sha256":"d7e3bcf44f41f1fbadea455bab9caf7edad1810def029c8a3bec4fda45d21d09","size":193,"artifact_path":"wandb-client-artifact://y5qxl6549uh3hoz80la5gaev3n0b34gt628cd512bz43xj4uxvjir2kipafrep9khrne2z1794xssuncfnddd392u5g593vvo01njffla41bxkqk2agdcv7kqwy0kel3/val_confusion_matrix_table.table.json","_latest_artifact_path":"wandb-client-artifact://lw8dgf1vdrt07dqdlfm2ge94dogrjzd6c7xivpghzuq8wt9a310knpjoow4i33bho6oxdms5rmsctns3zlpy2avy94i5dfe41yru9e4hy4ihigzg20dc6ofm6yzarn2i:latest/val_confusion_matrix_table.table.json","path":"media/table/val_confusion_matrix_table_7_d7e3bcf44f41f1fbadea.table.json"},"val_f1":0.9555992141453831,"val_accuracy":0.9359410430839002,"confusion_matrix_table":{"nrows":4,"_type":"table-file","sha256":"a6dae48e7082cdbccc55356119d5b1c39f7544ad2d841d30829c2760ef568870","size":193,"artifact_path":"wandb-client-artifact://y8hrsve8oqo97a5kqqphku7teohkk2x8qiyngprg8jmkpb0du98kr96c1zhlj6owh4kvccs94dof1krrf0snwis3mmdfdwt5xp0f41zf6h428ff9qzom90u5awdk1x43/confusion_matrix_table.table.json","_latest_artifact_path":"wandb-client-artifact://1fgyfpkb8xvew8859bohums1gthe5gtdtq1tpn6xzyi93yhlk6gx3slaeuh9n3gwybwskiigmlzhbq5lfeub6wzjmsubo2u7il184g5hdxz7u56sjqa59t0cwfqcgjpu:latest/confusion_matrix_table.table.json","path":"media/table/confusion_matrix_table_8_a6dae48e7082cdbccc55.table.json","ncols":3},"test_accuracy":0.947603121516165,"_step":8,"val_loss":0.2296576543931879,"_wandb":{"runtime":904},"test_precision":0.9862570735650767,"test_f1":0.9629044988161011}