{"confusion_matrix_table":{"sha256":"391fac432444cbb3b08b3169b9872eb3efaf4c9cb9bb7626239741a5fe18abb1","size":190,"artifact_path":"wandb-client-artifact://oat5o2t8ctr4s0pagfzjo4w3hcnygsrn2gouil9y36xdw381c0af808cfdrpraisldyzeai4fibfrhz9trnc708tu9muj9f9ar3fnk0rbh5tfblgb15l5i3w4zgw6o28/confusion_matrix_table.table.json","_latest_artifact_path":"wandb-client-artifact://jn630eouv8uq1txfnx9f3lu3d9hjp822wq5buhpcx5qtjt3nxe4zi2pg92mgs6uc1bveqcln70rky6my62mglmayx5wnat6lgty0ojvw4886wcr6g904l3ez1o346bk8:latest/confusion_matrix_table.table.json","path":"media/table/confusion_matrix_table_5_391fac432444cbb3b08b.table.json","ncols":3,"nrows":4,"_type":"table-file"},"_timestamp":1.7418660080507824e+09,"_runtime":29.750143608,"val_loss":0.5602721766134103,"test_auc":0.8443732193732193,"test_f1":0.7681159420289855,"val_accuracy":0.7,"train_auc":0.743919038713404,"val_auc":0.8493401759530792,"train_loss":0.9120072094855406,"test_recall":0.7361111111111112,"pooling_type":"max","test_accuracy":0.7866666666666666,"test_precision":0.803030303030303,"epoch":5,"_wandb":{"runtime":29},"train_f1":0.6210995542347697,"train_accuracy":0.7,"_step":5,"val_f1":0.7133757961783439,"val_confusion_matrix_table":{"artifact_path":"wandb-client-artifact://dein9rp2ipjvcgz0v60r1jpn8815adocyzfbgh1wvidqsrmcpe72taskun7h8gz5hn4c22yfd0zmap30upf3xwvdodqoicjd33fsg45y1549igb9fjqxrgk95yug1zqw/val_confusion_matrix_table.table.json","_latest_artifact_path":"wandb-client-artifact://973xl26n3uzbvkjf3rrjuzuu4m093gnjxyrr1klvtxol456hioic6tl7givmcybpki57rb8gv6n6n56tybjd4jbhil2ev6vbalcezajwbe5xgaqqaa8ro25xvlup0j2m:latest/val_confusion_matrix_table.table.json","path":"media/table/val_confusion_matrix_table_4_6aba5a0d91e4438dca55.table.json","ncols":3,"nrows":4,"_type":"table-file","sha256":"6aba5a0d91e4438dca55e72976e7008068c5cc52d030f1383c37153adc07b179","size":189}}