{"test_f1":0.8299319727891157,"train_auc":0.9722604043650257,"val_loss":0.4499790114723146,"_step":38,"test_auc":0.9022435897435896,"val_f1":0.7469879518072289,"val_confusion_matrix_table":{"sha256":"68e188010ee914fa58bbabe15858a29b42afa5ffd52d48611722fe60825f9909","size":190,"artifact_path":"wandb-client-artifact://nqap1s1t6fxdcyj045jebasv0zibz1ziorusp4dwodpmqr5krfywp4j18lzfxqxwnc23n2l3md1qvonhb06o4uquifl8qmd5oetca55zaoogkhga0n8tk1akr1hdnvte/val_confusion_matrix_table.table.json","_latest_artifact_path":"wandb-client-artifact://3bx12hdpgmt1cfttmbaepeu0cjco0arkyy9tz4lqx9kxv14uguuhirzg5hrhnbh5za090oi96g1pyh9pc42kyfqw84xpinp0wxu83vpgppb7pzxf6yfvlhlycsudwo50:latest/val_confusion_matrix_table.table.json","path":"media/table/val_confusion_matrix_table_37_68e188010ee914fa58bb.table.json","ncols":3,"nrows":4,"_type":"table-file"},"test_accuracy":0.8333333333333334,"pooling_type":"max","train_loss":0.22710105273006775,"val_accuracy":0.79,"epoch":38,"_runtime":347.159995937,"test_recall":0.8472222222222222,"test_precision":0.8133333333333334,"confusion_matrix_table":{"size":190,"artifact_path":"wandb-client-artifact://yia2r2jhd2tkdu7okggoq240n0z2gp85fv08aat98s464qt927215q9yy981b805l20wwujtfywcub9nfi5gjidutth6rxxy6dfw1g8fs2uoux3h6adxbu98def52ylk/confusion_matrix_table.table.json","_latest_artifact_path":"wandb-client-artifact://0o73jf1m0hs2fx1wflzwqeihc7g6yw4jmamw077y4yt3x0951gi0cqsqnjh8h8n0izhbozjhuvdagjdw5h8d7m5sarkhrcqg8ma10ra7apb8fl9ax0fyf2mmf6j4lntn:latest/confusion_matrix_table.table.json","path":"media/table/confusion_matrix_table_38_1baf9466c1e833c76704.table.json","ncols":3,"nrows":4,"_type":"table-file","sha256":"1baf9466c1e833c767048004aa1d5f17d88b4cbf0375fd20c6f4b3ba60065321"},"train_f1":0.9085271317829458,"_wandb":{"runtime":347},"train_accuracy":0.92625,"val_auc":0.8758784621744522,"_timestamp":1.745263975990617e+09}