{"confusion_matrix_table":{"nrows":4,"_type":"table-file","sha256":"2a828d99efde74e8ad5e1dbf5a997ed4d04e2e923d806fa763210240bf0a623c","size":190,"artifact_path":"wandb-client-artifact://swilarnn6umwcq6lr3cbxv3zjcot1ijchhbd10d732xpzcju1vkz13m9up33uguq5ta421lkpsteduoj54l024bex8knsojtbwcx5xojuwt6aunxmelrlbjzgik5w0y0/confusion_matrix_table.table.json","_latest_artifact_path":"wandb-client-artifact://8860jvkrkeqlof2mdqyryclq69xcmohhdfis8sj2alrze8rj53r1dx1xsobpoqcj42nonhp6o9a01ie49l34vsorrm3jts8bdxgxle3s0v7ze97ht4mlrztl5de8dlys:latest/confusion_matrix_table.table.json","path":"media/table/confusion_matrix_table_29_2a828d99efde74e8ad5e.table.json","ncols":3},"test_precision":0.8115942028985508,"val_recall":0.8536585365853658,"val_loss":0.5104585468454752,"val_confusion_matrix_table":{"_latest_artifact_path":"wandb-client-artifact://vexpftzjj352qz1l00n9zp9b19i5uup7ao2oj8gjwkqzg81bniri43hssbbgmet1fzdft113p4cfhmhk3uy70n4zaondtlvs6q8b5ftpkudluas0x5cfwac28eru0ouu:latest/val_confusion_matrix_table.table.json","path":"media/table/val_confusion_matrix_table_28_863da92b79bb6f5894dd.table.json","ncols":3,"nrows":4,"_type":"table-file","sha256":"863da92b79bb6f5894dd231cdf8b6aad8f9f3e8c1d7484df69d777d21bc8f9ba","size":190,"artifact_path":"wandb-client-artifact://zdblpkr4pp3w0h254n8gieyqhu0g39rwvdm4l7qqk9wc16f837xkex3g8vbgs8x2z05zmlvom5jirdgsgylhhecobmi0rzzyvcslaui2mkw3fds9c5bgno3ezwqlnfai/val_confusion_matrix_table.table.json"},"test_accuracy":0.8066666666666666,"test_recall":0.7777777777777778,"_runtime":179.643932728,"train_accuracy":0.80375,"train_loss":0.43062700058260817,"epoch":29,"_timestamp":1.7410924164399283e+09,"val_precision":0.6666666666666666,"val_accuracy":0.765,"val_f1":0.7486631016042781,"_wandb":{"runtime":179},"test_auc":0.8668091168091168,"_step":29,"val_auc":0.8502480363786687,"test_f1":0.7943262411347518}