{"test_precision":0.7441860465116279,"test_accuracy":0.8,"val_auc":0.8511781727986771,"val_loss":0.5325415513138796,"val_confusion_matrix_table":{"_latest_artifact_path":"wandb-client-artifact://9r28e1bpl2ujy76d4u84qdel7vays4xifs9txhnzj0ta6k44fkrt54vrwhuw4zreiuil922kk38jisxxsebrh0gp06rdg9tcxp3gem599o3093dq29amshj65nrhkstr:latest/val_confusion_matrix_table.table.json","path":"media/table/val_confusion_matrix_table_26_68e188010ee914fa58bb.table.json","ncols":3,"nrows":4,"_type":"table-file","sha256":"68e188010ee914fa58bbabe15858a29b42afa5ffd52d48611722fe60825f9909","size":190,"artifact_path":"wandb-client-artifact://1yxq52h64eochibekbtvhotj8168qr3txp29hg21pvo816wm11ptzlp2vzojlib0wsltpd668h3j2p7du1zgk1bamc1ricugsnjb1tr3sb1800xrhbr9g09ldfg8zk7m/val_confusion_matrix_table.table.json"},"train_accuracy":0.80375,"_wandb":{"runtime":201},"epoch":27,"val_accuracy":0.79,"train_loss":0.4477407858498054,"test_auc":0.8758903133903133,"confusion_matrix_table":{"_type":"table-file","sha256":"1b5ab9b98290c46f810662f432236f1cb5ad9fab50b6914284d6adb80d760046","size":189,"artifact_path":"wandb-client-artifact://qb0hd1r813sg6ax4m215vmuf4ycnimh338tnkxdfhpxncvm53oja98mnp2at0id8hqzhdgg2oeg7a4kcfck1mz8p28pvcok9grfg28g4u2f5aehqqtovz1neob67j07n/confusion_matrix_table.table.json","_latest_artifact_path":"wandb-client-artifact://f058jm1tx07pre11actpaza1p8ze7l7mf0tt6pjmssajhijzchz64xci6bgbppqh3fzmm9aquuh852fxlu39gt7ru363yewqs2eshk4awp0qytactvce8a6icog6g5ch:latest/confusion_matrix_table.table.json","path":"media/table/confusion_matrix_table_27_1b5ab9b98290c46f8106.table.json","ncols":3,"nrows":4},"test_recall":0.8888888888888888,"_timestamp":1.7419513839262838e+09,"val_f1":0.7469879518072289,"test_f1":0.810126582278481,"train_auc":0.8782097199904491,"train_f1":0.7595712098009189,"_step":27,"_runtime":197.272061799,"pooling_type":"attention"}