{"test_recall":0.875,"val_accuracy":0.73,"val_auc":0.8570690367920628,"confusion_matrix_table":{"size":189,"artifact_path":"wandb-client-artifact://t2lvprh458piwqwr5x3xgn6yx1j4tf1kok5mdl4twoxfncbung68wow7lhzwrbesxeqarpn8808xyh28yr8v7z8hqi04jagnfcbihpjshzvzgyq44xzglh7cne2iww51/confusion_matrix_table.table.json","_latest_artifact_path":"wandb-client-artifact://fzhtr1lfaigvltsy3okd6s5zps7aidzixy7rwpequ8oxyk2qgeuhy4yi3y0fqd2ntft36k53aybx14dqpml9ow5k7sb1ks5f5958wtrd5d8lkioekzek3v5uobagxpdw:latest/confusion_matrix_table.table.json","path":"media/table/confusion_matrix_table_28_0c9b65ae59df79c7bfd9.table.json","ncols":3,"nrows":4,"_type":"table-file","sha256":"0c9b65ae59df79c7bfd92de29f235323e88cfaf2921e2ce77f72a98638983a94"},"_wandb":{"runtime":190},"val_recall":0.45121951219512196,"train_accuracy":0.8,"test_auc":0.8719729344729344,"_runtime":190.023437568,"test_f1":0.8129032258064516,"_step":28,"val_confusion_matrix_table":{"nrows":4,"_type":"table-file","sha256":"818c705466900ebf7d7f5376b002f1204fc19f0ba6c27564f8e9949a01576c65","size":190,"artifact_path":"wandb-client-artifact://cns63mym2epv9u3ishmdbo3nw77l16ojd4jymrf03fghdukaw3wzj49pa44izwown3ioyfz6lnrypxz5fiwhg1wu29j506gom2c5bcgb803fbefvact0t0eb2l9hp3yc/val_confusion_matrix_table.table.json","_latest_artifact_path":"wandb-client-artifact://tjtt8on4r3h1hwoqzkiixkxczbbllc9s9loa36t7icwl6e9o7ony9nqg82x5uggr3sk3b5ts0ho4pj7celvt504mcrzih87rnb3e2vdg099tg6s90mx2q6cg0hn5vuiq:latest/val_confusion_matrix_table.table.json","path":"media/table/val_confusion_matrix_table_27_818c705466900ebf7d7f.table.json","ncols":3},"train_loss":0.4486539160765824,"val_f1":0.578125,"test_accuracy":0.8066666666666666,"test_precision":0.7590361445783133,"val_precision":0.8043478260869565,"epoch":28,"_timestamp":1.7411946137545757e+09,"val_loss":0.5348908765241503}