{"_step":15,"val_confusion_matrix_table":{"size":194,"artifact_path":"wandb-client-artifact://5eywnjxkphlj7j8lqf5m9tbag0ij5olodc3tz9phbmyhkghjqsykt2o98muy61gummfavn13wl3igbaigqfom896413k2u6y1jq307qkx6d09zihkikeb095ai9dt3eh/val_confusion_matrix_table.table.json","_latest_artifact_path":"wandb-client-artifact://mso2a92dm98os1pktacr52sit8cawh0toz5jr80xdl39tt4m8d71r3mbf5pch2m644z90ddcg0tjmu0lejj16uuqtlo8gryg5m7stjerzqba0j3z976yb5cqa1gr1rbm:latest/val_confusion_matrix_table.table.json","path":"media/table/val_confusion_matrix_table_14_3b0f53ef2635f5696fc6.table.json","ncols":3,"nrows":4,"_type":"table-file","sha256":"3b0f53ef2635f5696fc6bc7908e3dedc05bc9620020ab5229f8125dcf74c6fa6"},"val_auc":0.9636158338951935,"test_accuracy":0.8857302118171684,"test_recall":0.8720123361603701,"test_auc":0.9593319361039018,"test_f1":0.9169031211998379,"train_accuracy":0.8994754005387778,"train_f1":0.9305650768778768,"_runtime":1173.187873941,"confusion_matrix_table":{"_latest_artifact_path":"wandb-client-artifact://mj030u6v47k549j71fgnl8wbut0g2d37aa3l9lwn10j89xhum1kw06aa0ev3eosg8h9f7x3c1fjbbkhjtb4gq78p58qn4j918ybw2ri6c9nq8ue6ab5yz8y9pztgjcjb:latest/confusion_matrix_table.table.json","path":"media/table/confusion_matrix_table_15_f8144c28ee86ec934516.table.json","ncols":3,"nrows":4,"_type":"table-file","sha256":"f8144c28ee86ec9345164aca53711106e1376b668e5e7bd6197a10fc8fa040ac","size":194,"artifact_path":"wandb-client-artifact://4j6h1bf7hmyrx3a7jnw3pl5fwz6zscuxt6o4dk7fx0h4uv6yr1m439os9koe8ai6ljxhrkfdpz51inssllntlfngzan3ykrsk2gj26tydz3433zzrs9jlcl2i57o26bd/confusion_matrix_table.table.json"},"test_precision":0.9666666666666667,"_wandb":{"runtime":1173},"val_accuracy":0.895124716553288,"val_loss":0.2354105392020033,"train_auc":0.9605764857138732,"pooling_type":"mean","val_f1":0.924086992203529,"epoch":15,"train_loss":0.22905133805070926,"_timestamp":1.7453738450361993e+09}