{"train_f1":0.8198757763975155,"train_loss":0.3183429367272402,"val_confusion_matrix_table":{"_latest_artifact_path":"wandb-client-artifact://7gcjmeqfkilyrvrloapw9q9mtdivg4wl447exy7z64drvplnvltirdzfwlt8pi7o3aazsiwrl5tvjw9vj68i10tmz0933k1e0kwpp7rvewvoyo7o0cv40fhnyotl7qcn:latest/val_confusion_matrix_table.table.json","path":"media/table/val_confusion_matrix_table_27_fd801fad72c7d44583af.table.json","ncols":3,"nrows":4,"_type":"table-file","sha256":"fd801fad72c7d44583af375aa9ad4e0a68b06b0274846e9d1a6b10f5f33f95a0","size":191,"artifact_path":"wandb-client-artifact://pt9cjyn86fwecs527t5v36uk7sws0i1xnkkt3f420g1h6e55xoh0srqnfhpjuqrtlfkcvftvgyjjmyy67ilmmed285fxwml0p6y092ldasaa3ai7vt2eqjvxvmfczuoc/val_confusion_matrix_table.table.json"},"test_auc":0.8737535612535613,"val_accuracy":0.78,"confusion_matrix_table":{"ncols":3,"nrows":4,"_type":"table-file","sha256":"2b5b1f1d4c07219a8e30949fbe290efcb7d78dbbc9cd273e9736c74fa8db26c2","size":190,"artifact_path":"wandb-client-artifact://hllw6b4zreaztcmzu3e7tluq2sh3lyo2fro9xwwna0y79vrn9w1vwwmhgnaa76mpv3t7mgp9fh7kxjcsdqf7d13ijx70yrgic2qtmp4nm8guw0bpu5irrj6le4kki70i/confusion_matrix_table.table.json","_latest_artifact_path":"wandb-client-artifact://zdkj0a0lytgcdy1i9bfqu7qm8azduep1y322vt0m3uc0b0x0kv8qdfpye9qhlr7kxmz5gmds4qhgbncrupca70r82k5nnea5pynkp36xbwovgcksvi3osyleyf7hfksf:latest/confusion_matrix_table.table.json","path":"media/table/confusion_matrix_table_28_2b5b1f1d4c07219a8e30.table.json"},"test_accuracy":0.8,"val_auc":0.864096734187681,"train_accuracy":0.855,"test_precision":0.7916666666666666,"_timestamp":1.7419515783667655e+09,"_wandb":{"runtime":192},"pooling_type":"attention","_step":28,"val_loss":0.5196667947969399,"_runtime":188.448177107,"test_f1":0.7916666666666666,"epoch":28,"val_f1":0.7066666666666667,"train_auc":0.9353474144773779,"test_recall":0.7916666666666666}