{"val_loss":0.483637217534706,"test_auc":0.9008190883190884,"_timestamp":1.7452660688475463e+09,"test_precision":0.8133333333333334,"pooling_type":"max","_runtime":273.096595624,"train_loss":0.21330951459629433,"train_accuracy":0.9225,"val_accuracy":0.805,"epoch":33,"_wandb":{"runtime":273},"confusion_matrix_table":{"_type":"table-file","sha256":"1baf9466c1e833c767048004aa1d5f17d88b4cbf0375fd20c6f4b3ba60065321","size":190,"artifact_path":"wandb-client-artifact://6znr08lsrr9jskseecwzb9f06nbf29jwog5eyjwyxetqya5yub7k6dwfdr68ystawfscuo5rf10wnnpemuut2y8ibttwt80kqf0ku1igxoqh3hysjkyxd5835w0454oi/confusion_matrix_table.table.json","_latest_artifact_path":"wandb-client-artifact://endduzbizswlbhimbrdnt6nen56akqbdl2vagiylnpjpxqdfezqwty4pdb4gxb3u2xiraw52gd993p207wl3a2jx3qr8lnumua7rpla6ym9bkhbgavgd850fimnrpn0f:latest/confusion_matrix_table.table.json","path":"media/table/confusion_matrix_table_33_1baf9466c1e833c76704.table.json","ncols":3,"nrows":4},"val_f1":0.7450980392156863,"train_f1":0.9037267080745341,"val_auc":0.8841463414634146,"test_recall":0.8472222222222222,"test_f1":0.8299319727891157,"test_accuracy":0.8333333333333334,"_step":33,"train_auc":0.9771907407765926,"val_confusion_matrix_table":{"path":"media/table/val_confusion_matrix_table_32_a2bf7fb80d876ea08406.table.json","ncols":3,"nrows":4,"_type":"table-file","sha256":"a2bf7fb80d876ea08406453b8ba85aa453a4e26361e75058493dfa947527ba66","size":191,"artifact_path":"wandb-client-artifact://93yfmmune0m6hwalf9ycc6h63c8gv24t9q00o5dmcg7bne331ne779q6senfwq04te1kxk8266wegw1ppb3jmag8x5xqxdg2xn0s71hko8v8jvr23zm1iuohjarnvbot/val_confusion_matrix_table.table.json","_latest_artifact_path":"wandb-client-artifact://84w6d1nt6j0e3nknr5ppl4vky7sxlh8xgqalcr8y9fox0hlt0gcfil4ha4agqrvieacd56pyse0jwj72zstd8s758cp25849ym8odsqn4m2bzfaturo4tl143ckmus89:latest/val_confusion_matrix_table.table.json"}}