{"train_f1":0.9442724458204335,"val_f1":0.5737704918032787,"val_accuracy":0.74,"_wandb":{"runtime":338},"test_f1":0.8345323741007195,"train_auc":0.9887066901567512,"_step":39,"val_loss":0.5462273835716769,"pooling_type":"max","test_auc":0.8961894586894588,"val_auc":0.8563455973542786,"test_accuracy":0.8466666666666667,"_timestamp":1.7452649301564293e+09,"train_loss":0.15552034700898731,"test_recall":0.8055555555555556,"epoch":39,"confusion_matrix_table":{"sha256":"c12426a08d9debbb037708a523fdf2e00c8807f46dc93a1bff8648f200cf275f","size":189,"artifact_path":"wandb-client-artifact://l4g93j7r2ls7idtrbmxg1zo8go4x8v0x3ffw23ykgwark2ynirch6ts17neheycqolwcmtfxla1uqnm3zg1tprajd4p6d7c2zfg3k56drdncivhxdky4wbqldmmf24tg/confusion_matrix_table.table.json","_latest_artifact_path":"wandb-client-artifact://x2987hqiaxcjab84foyfbfmzx5suiw5v5zvwl4ppfkd3jkqva7c2sbs0bug2mujkj65j3g9v5e7kx434m0i1k8tuvvswi70wukgr9w0dp1iho6rrf0edtiyozk2sha6c:latest/confusion_matrix_table.table.json","path":"media/table/confusion_matrix_table_39_c12426a08d9debbb0377.table.json","ncols":3,"nrows":4,"_type":"table-file"},"_runtime":338.863604949,"test_precision":0.8656716417910447,"val_confusion_matrix_table":{"sha256":"b57fd408c18f91890245bc80c01d94ef51c8c950ac3caac578b504045c3094eb","size":190,"artifact_path":"wandb-client-artifact://5asjfgm16690g7c8ascrz852nbplwpg43j2ep4qyvci6i3lusumgrxjkio37pjqltij1pw284ty82qwahfyiin6k8nbnyfd72y1vecfyd4phxr0zoi05gqs2d5vrk796/val_confusion_matrix_table.table.json","_latest_artifact_path":"wandb-client-artifact://bdefaq0sz6fmlhsseghnturtkvyw6uoi7k7pceby4h50ghlr86xe98mftiabfhych9op26dcct4hdhav0y5u92vwoflzis1mmfcro2gko8d32dgho5icmp30atpqu453:latest/val_confusion_matrix_table.table.json","path":"media/table/val_confusion_matrix_table_38_b57fd408c18f91890245.table.json","ncols":3,"nrows":4,"_type":"table-file"},"train_accuracy":0.955}