{"val_auc":0.9928888816681966,"_timestamp":1.7453408006887612e+09,"test_auc":0.9898341475219862,"val_f1":0.9760690466849745,"train_f1":0.9824184411017777,"train_auc":0.9962821951015683,"test_precision":0.9871279163314561,"_step":15,"confusion_matrix_table":{"_type":"table-file","sha256":"4e4fd2c7985d1e888136aea7dc56d663420f5c0615cbd04bfdd8b5e67eaf5473","size":193,"artifact_path":"wandb-client-artifact://0ei99bfe020v2nbkglzv1ksl0ipni99qgqqxboper20q6oyp3a4o70jj2u8xzheevjlxifz8ummbf9o7hn7ojfrsyv2zxpsglxrb3qvqrqn2sgr8qwawo14v7jf9hlbr/confusion_matrix_table.table.json","_latest_artifact_path":"wandb-client-artifact://2b0u8nluxk4a42bnutis82jvf35z747km53rbt08dukvknh07mp41vw0ookyts03yqfp7xahf9k6w3fry85xkund540k6qngerzuk08xlfvg3124j2x2vscbqp4fbb24:latest/confusion_matrix_table.table.json","path":"media/table/confusion_matrix_table_15_4e4fd2c7985d1e888136.table.json","ncols":3,"nrows":4},"train_loss":0.06796904486597839,"val_accuracy":0.9654195011337868,"epoch":15,"pooling_type":"attention","val_loss":0.0964180374558853,"val_confusion_matrix_table":{"path":"media/table/val_confusion_matrix_table_14_22ee98f58161fc4e3c3a.table.json","ncols":3,"nrows":4,"_type":"table-file","sha256":"22ee98f58161fc4e3c3a75c67398c5fab2035639b3b35bd9b8f8cdff6f4e4341","size":193,"artifact_path":"wandb-client-artifact://dvpm9lv6zjd80em4vgjgrh77okro8tnpi5x2zzphr0bbv10a0p9t7j92olimhyo2apkk7pie05x3egnlpgway8g4q7k2y22w9cexou4imgcmp4cw899x7lsk7rkur28x/val_confusion_matrix_table.table.json","_latest_artifact_path":"wandb-client-artifact://1tjtsbahq9c1ojcu6lx50jstpv7v5g88g8qw82u9dqr5stfkf0l3keuoh2700azyk8fne6495ejikuq7mleyje44w3q11nq072s03sxx7aqf12b2uf4n98dy6f3ie0jh:latest/val_confusion_matrix_table.table.json"},"test_f1":0.9661417322834646,"_runtime":1514.42280087,"test_accuracy":0.9520624303232998,"_wandb":{"runtime":1515},"train_accuracy":0.974478945129732,"test_recall":0.9460292983808789}