{"train_accuracy":0.9275,"val_f1":0.7432432432432432,"train_auc":0.9751418117050317,"val_loss":0.5612833380326628,"_wandb":{"runtime":336},"val_auc":0.8617197188921042,"test_f1":0.8591549295774648,"test_precision":0.8714285714285714,"train_f1":0.911042944785276,"train_loss":0.24135876624494254,"val_accuracy":0.81,"confusion_matrix_table":{"sha256":"eeed664f8917c10d9818223d0a9edba59569d09a96a90252a9b9e223f6a9b7b1","size":189,"artifact_path":"wandb-client-artifact://n14dbmmwwfzn2m21j527zjl1vhj4w6wjh7r5hmflibzwm476wdqys1jlzzuyl053gbty4xvyzj7zzzy0pbvebj7yth8mbna4q6pbc2ns0dux0w0wnq311hol8r6utku6/confusion_matrix_table.table.json","_latest_artifact_path":"wandb-client-artifact://576ep8amz4pu9zndl3fg0mnpspa4gftklk2az51swun60u5cflmyf3wnb05z9rsa2ps4wow7d0jnb8me9sweectjyuw4iro9f12mumygwkzcsyh9q4eicthet7t5udel:latest/confusion_matrix_table.table.json","path":"media/table/confusion_matrix_table_34_eeed664f8917c10d9818.table.json","ncols":3,"nrows":4,"_type":"table-file"},"val_confusion_matrix_table":{"nrows":4,"_type":"table-file","sha256":"fe4e2d5d06e241c61a3dcb3db692b96fc07900b3aae18b0d657b28a190e2af27","size":191,"artifact_path":"wandb-client-artifact://0da662qa006ucgi5m68oo936adnph4efi3sjlti40dlxuy3q2sy9ody2g2ymdjv9g25pbi8s6ntsi9gg4mm67n1j84toq84tvbk7fx18h12v9kwcmt77pu7pco785yzr/val_confusion_matrix_table.table.json","_latest_artifact_path":"wandb-client-artifact://81f2wb9zpp06tuq6xrh3mtd1j9y464tpy26sifbhfdmxg9i23a6yveyp850hnnpim029wbuk0b3iremuyt9bg4gk1y9xro99goc5iuk985bg9p7ao2nw2yoovyawh9hl:latest/val_confusion_matrix_table.table.json","path":"media/table/val_confusion_matrix_table_33_fe4e2d5d06e241c61a3d.table.json","ncols":3},"test_auc":0.9045584045584046,"_runtime":336.210809096,"epoch":34,"pooling_type":"max","test_recall":0.8472222222222222,"_step":34,"_timestamp":1.7452636260925817e+09,"test_accuracy":0.8666666666666667}