{"val_accuracy":0.67,"val_f1":0.4,"epoch":10,"pooling_type":"attention","confusion_matrix_table":{"path":"media/table/confusion_matrix_table_10_881066e09628cab7eb6f.table.json","ncols":3,"nrows":4,"_type":"table-file","sha256":"881066e09628cab7eb6fcbe3090513e54869dcd40d90e24d4b517357742714c5","size":190,"artifact_path":"wandb-client-artifact://72j1wyz7a207w741u10p9p0k3r2rjephgeljvygoksnm2h1c4mqoyzpwbzk8f8iw7dyysnfzbd0nnvne9cd8uvhrdampozlyg7f6ht2ckhmzquigc4m2sf4c7570lriu/confusion_matrix_table.table.json","_latest_artifact_path":"wandb-client-artifact://q9dki72okblpszdv0e9ktzr3a2791h2ck636lmhyqumi4dqznae0r0j6cquwrudp7ia6qukkrbzeqpm9mjzpl9wp3dlibxkmrn6s4vhqrig5a21118zbuxasg73cjved:latest/confusion_matrix_table.table.json"},"train_accuracy":0.77,"val_loss":0.7096323745790869,"train_auc":0.8412935034428461,"_timestamp":1.7449763293796e+09,"_wandb":{"runtime":518},"train_f1":0.7070063694267515,"_step":10,"_runtime":517.518128331,"test_auc":0.8883547008547009,"val_auc":0.8150062009094667,"val_confusion_matrix_table":{"path":"media/table/val_confusion_matrix_table_9_2614a1f8615db39e6e74.table.json","ncols":3,"nrows":4,"_type":"table-file","sha256":"2614a1f8615db39e6e74df4493a2fbabbd4349041d22df92f8817792cf7acba2","size":190,"artifact_path":"wandb-client-artifact://o7w8nfxfeksrwiea286s3x8g3gu6f2i7ffifeq1k8sx0oct1wag3f08jo3jnse97dkzgirphu3wtuftdv9jxfu8u761bm7og9qxssuhicmzjxl311fgcqimhipo61ex5/val_confusion_matrix_table.table.json","_latest_artifact_path":"wandb-client-artifact://hqvoc4kcqi68gqp2ydcld2mtqmipikt5vf5btzhw2xfdzlwgh4kwiu6vrytqrpb4y2w8j9o4fzqo6m6wa3c2kb8fv80smcnnmmhui06xn7a48qszps7lr6bun9ca3g0p:latest/val_confusion_matrix_table.table.json"},"test_recall":0.8333333333333334,"test_accuracy":0.8266666666666667,"test_f1":0.821917808219178,"test_precision":0.8108108108108109,"train_loss":0.4888047514951904}