{"val_confusion_matrix_table":{"nrows":4,"_type":"table-file","sha256":"8f1493783a92d55903f75821429cb8ed06df775be0c12dc65c3a8318c66a9304","size":190,"artifact_path":"wandb-client-artifact://t8yfe5ci9roh1syw2crzcmi3pcin2drwxjonz5r9q031t7ofgn0xv8ic44r5owze4hxstynhxonwg7cena8zrw5xmpv9squooy5ffg59hvyglxqphs1wj1syk64dvdoe/val_confusion_matrix_table.table.json","_latest_artifact_path":"wandb-client-artifact://vp3l9xf646wmrp9bk5mrov0qsm3xu91bm6p79fqo95uc3ya6ldr5ijq2vnez2eiey5sfg067w6xrcnzbnt2ajulqqevk53ese11wdrb25upkr6u04nkyejs0sipa68jc:latest/val_confusion_matrix_table.table.json","path":"media/table/val_confusion_matrix_table_7_8f1493783a92d55903f7.table.json","ncols":3},"val_loss":0.6193020372185856,"train_accuracy":0.77375,"val_auc":0.7841050020669698,"test_auc":0.8646723646723647,"train_loss":0.48238821018843736,"val_f1":0.5645161290322581,"train_auc":0.8453720016262366,"confusion_matrix_table":{"path":"media/table/confusion_matrix_table_8_7f1f5bdcf4f7868f0c32.table.json","ncols":3,"nrows":4,"_type":"table-file","sha256":"7f1f5bdcf4f7868f0c324671f3e87e0c8596e42aa7c9190e4e27cefa29ed947f","size":190,"artifact_path":"wandb-client-artifact://nhkeo2oijbgzusjc6zq45xbx3hih1vphodc86jylz979vo4mnl2tp87qe2orqz8w51cpp2zt6qrdiwf2t68etc90586c4c6ltmvmsq5hwxrxfxjn87fcqgxwmzxxord7/confusion_matrix_table.table.json","_latest_artifact_path":"wandb-client-artifact://cdk6lhvdxdoyarioksmtb26zn41oyo15d76mywjgk9s259c1k1345i638fwh6dzl18k0zlyld8f87qohi1dwm4cct7puhx66y2oi0h7zotx5g9ir19ds4efprtoes56g:latest/confusion_matrix_table.table.json"},"test_accuracy":0.8,"val_accuracy":0.73,"train_f1":0.717628705148206,"test_recall":0.7777777777777778,"_runtime":262.16434461,"test_precision":0.8,"epoch":8,"_wandb":{"runtime":263},"_timestamp":1.7452483068918014e+09,"pooling_type":"attention","test_f1":0.7887323943661971,"_step":8}