{"test_accuracy":0.8333333333333334,"train_accuracy":0.92125,"_timestamp":1.745264303016892e+09,"_step":34,"val_confusion_matrix_table":{"_type":"table-file","sha256":"707c7ab17bd14f0b6b66ac2dbd7deec02c858ef1cf67a7e8af06098a0a8d0aec","size":190,"artifact_path":"wandb-client-artifact://33ot8pw2y3flvm61t1lujdcldlljidtlwlvro7beahlglau2mx5h7b5h2lqsxku6n35j2qufs3ro7ntpt8ihvsozuxi9oau9e98dqbkhhujqtqgulebvnekpb6l2cpqd/val_confusion_matrix_table.table.json","_latest_artifact_path":"wandb-client-artifact://uiwzamgeo2vg05figtp6ivbxgwgla3emuq5m4vy4voydcxggw3yqeqktj9t8ikbwzbgrqva6e8jw330armkzlmirq1nxa1f70yw31za29yubzfgv0gscx8oot7kq38wh:latest/val_confusion_matrix_table.table.json","path":"media/table/val_confusion_matrix_table_33_707c7ab17bd14f0b6b66.table.json","ncols":3,"nrows":4},"_wandb":{"runtime":324},"test_f1":0.8148148148148148,"test_auc":0.9013532763532763,"epoch":34,"confusion_matrix_table":{"path":"media/table/confusion_matrix_table_34_ca8aeb6a661b18b2e247.table.json","ncols":3,"nrows":4,"_type":"table-file","sha256":"ca8aeb6a661b18b2e247330a3f88e75b2d92031192b3d975f6854efdf419635a","size":189,"artifact_path":"wandb-client-artifact://i4nzbns2ka96lwo3b9s8vcbs6u7e05vv3dp8kuebrkgo2ik91opygg7owzjhsffmk99ehd9pc137h9al8j3b4rqk8a206c1630mmgccfs7ukje5w14y6ny93exlbu1v0/confusion_matrix_table.table.json","_latest_artifact_path":"wandb-client-artifact://ddqvct37b848eq1pyverh0qtdcmcfrnrs16jxlayhm5bewo405no192q4apju16ot4fsmdrgyuter2rcippls4kfvzfc11054fbihbo7jyadgtvf7mt64wirt7v9xm4x:latest/confusion_matrix_table.table.json"},"train_auc":0.9717054188527288,"pooling_type":"max","val_accuracy":0.76,"val_f1":0.7209302325581395,"val_auc":0.8586192641587432,"val_loss":0.47739517249166963,"train_loss":0.2236846083274421,"test_recall":0.7638888888888888,"train_f1":0.9029275808936826,"test_precision":0.873015873015873,"_runtime":324.282999653}