{"train_loss":58.77726878537933,"f1_score":0.9817384952520087,"test_loss":0.1278930557597075,"_wandb":{"runtime":193},"epoch":10,"accuracy":0.975,"_runtime":192.007813326,"_step":10,"auc":0.9977096355702324,"val_loss":132.21758713419038,"_timestamp":1.741860298300833e+09}