{"test_precision":0.8082191780821918,"train_f1":0.7477203647416414,"val_f1":0.6746987951807228,"val_loss":0.6156928166924399,"val_confusion_matrix_table":{"path":"media/table/val_confusion_matrix_table_30_321ead5ada6a2ad7d925.table.json","ncols":3,"nrows":4,"_type":"table-file","sha256":"321ead5ada6a2ad7d9256caa04c987243014a8c6344c5e7165a409d374464603","size":190,"artifact_path":"wandb-client-artifact://lx7mldpeweohuae5h0ys0d5lfsqkvefx5dp7spymc05tkt84ykl3mnqbmvti0a1457vawch9b7csee8t46uj1vnum2ze7mhsh5mmib1xqeqnzlfcxkpj7u1d8dt1yjai/val_confusion_matrix_table.table.json","_latest_artifact_path":"wandb-client-artifact://tr94xezggzgtf9t85xk613mlrfkmzxgjtxvbl9ildkt3obd0wrmwmke6h5ovhpincopvxn71u1i2inziaq9b0dzfndusx69fw5hmwwpc2qojyzo9kldgmuw1cqn53lle:latest/val_confusion_matrix_table.table.json"},"val_auc":0.8221372467961967,"_runtime":365.398982351,"confusion_matrix_table":{"sha256":"3892debf73eb80e18e5f30c27321545f5d9cda7bb95ebed4c58145169a1db5cb","size":190,"artifact_path":"wandb-client-artifact://k2xlq488ydfc63uw709xd84ekbp77bk1ka2cv3y9jdhukm8fi6flogbclsbib680y6s6rcq85abw3z3e1q3md2nmvmhu62lgsywlhqjk56iugqbppg02qepzpa7vslmq/confusion_matrix_table.table.json","_latest_artifact_path":"wandb-client-artifact://3p1n7hh126ri2gqx2jsly327cvks5lgp3rpp6m4wljj56038urwq0bupu63opvp8xzc6lzimd5maspdrko6r5sisyf1wo6j42kvh0o9acyak4os50ayc3o5inby0hbiz:latest/confusion_matrix_table.table.json","path":"media/table/confusion_matrix_table_31_3892debf73eb80e18e5f.table.json","ncols":3,"nrows":4,"_type":"table-file"},"train_auc":0.8694235249324014,"train_loss":0.48484016677808056,"pooling_type":"attention","test_f1":0.8137931034482758,"epoch":31,"train_accuracy":0.7925,"test_auc":0.8837250712250713,"_step":31,"_wandb":{"runtime":366},"_timestamp":1.7452494298047488e+09,"val_accuracy":0.73,"test_accuracy":0.82,"test_recall":0.8194444444444444}