{"_step":32,"train_loss":0.37646325144189174,"val_loss":0.5383210025110747,"test_auc":0.9180911680911681,"test_recall":0.875,"val_accuracy":0.755,"epoch":32,"val_f1":0.6993865030674846,"_timestamp":1.745258793277567e+09,"val_auc":0.8252377015295577,"confusion_matrix_table":{"ncols":3,"nrows":4,"_type":"table-file","sha256":"47d6775140d6e602805c80783512fe0e1716624794fd858a368a2ed7aae6ad30","size":189,"artifact_path":"wandb-client-artifact://ytizcibfl3rhzngg11con5imfackq1h6kbfru9n4jsmkxj0l4ylbab06nhb06ug64en25x7gafssj9oieqfnzbijb9phkdchk90qgp61nbg5jtkqan04zttjtovlm32d/confusion_matrix_table.table.json","_latest_artifact_path":"wandb-client-artifact://5et794o8pbqa2yhszl950xphwncjfys40assye2y1l643buc0l836h7leg5tpbxck0o1xhhz02qvj3gjzm68owlc35y3j6gof1aj24vlel9pyt56445swmsejwjgkdq5:latest/confusion_matrix_table.table.json","path":"media/table/confusion_matrix_table_32_47d6775140d6e602805c.table.json"},"train_f1":0.7898089171974523,"test_f1":0.8456375838926175,"_wandb":{"runtime":280},"train_accuracy":0.835,"train_auc":0.9088855761846681,"val_confusion_matrix_table":{"nrows":4,"_type":"table-file","sha256":"a97cae8a16818b46607ae1f6c56d693fb61897abd3735df011856cce554ec65e","size":190,"artifact_path":"wandb-client-artifact://uri62588krftawpkxctdqulkzv0azub0pf7bzw2ozrkx0pkg36zp9yw4tjgh4bcsxxn5pn92aezij1d4wsk7znfnkrgmq09d7ttrztxi8lvcea8u03bg6svac6kc4utr/val_confusion_matrix_table.table.json","_latest_artifact_path":"wandb-client-artifact://jcekqyk6m0i5nti3rapfxf2xx634vyrz8y9g5sqdca29vfmyvdohmmazojk8mjkkpzjekbb7yykr1l4my4ltyyor7m867qepjtsrr6wzi6j71bm8vhanbrg8n86yh25q:latest/val_confusion_matrix_table.table.json","path":"media/table/val_confusion_matrix_table_31_a97cae8a16818b46607a.table.json","ncols":3},"_runtime":280.969697072,"pooling_type":"mean","test_precision":0.8181818181818182,"test_accuracy":0.8466666666666667}