{"val_loss":0.5948668871074915,"test_f1":0.6714285714285714,"val_recall":0.5853658536585366,"test_recall":0.6527777777777778,"epoch":1,"val_accuracy":0.665,"_runtime":23.910331066,"test_precision":0.6911764705882353,"val_confusion_matrix_table":{"_latest_artifact_path":"wandb-client-artifact://f7td8aeemodf706u0csryi53dg90vlobqcmszfvxh7x220j34489m5kaqns2nvd83zshxmfeyoht5fajn3k41r4quehap8zd2xozj8zitxj8tm8l1embucf0l1xm7ox0:latest/val_confusion_matrix_table.table.json","path":"media/table/val_confusion_matrix_table_0_dbef1bed1f26a6016bcf.table.json","ncols":3,"nrows":4,"_type":"table-file","sha256":"dbef1bed1f26a6016bcfaa7d67125a9325b1a99eb3b599533c8b8797213f9da4","size":190,"artifact_path":"wandb-client-artifact://q3r1dbtlc2qtiuelco2pk90ls0ni9z3kr0f2miyk0s3ice0gtaf9kxet4yyfymf64i17hmrx3b0uaylxzjxotqjsnwif6m21u83knj5cii2ggrktgj6gh4xj0l0vj9s5/val_confusion_matrix_table.table.json"},"confusion_matrix_table":{"artifact_path":"wandb-client-artifact://tvqb7mi36a8rhkj4bo3ncwyio64npoxm4g5m83n6cg8kedj5j7pvhsu7eikl8p6518b2ka505t15nk27k3ncq9a6y468fojx4vaiu2m6ap1wzy76z54cagr73dtuh33o/confusion_matrix_table.table.json","_latest_artifact_path":"wandb-client-artifact://2je08oij04g0t78mwnzawin1u9ngr51audajq30qwo8r9373vfnbm8f9dpq8xqpwien8c4vclzk7dbvn9va6g4deyfb887sknrbo7q5lxj2zirzzru8btg7v831qhkkl:latest/confusion_matrix_table.table.json","path":"media/table/confusion_matrix_table_1_dfd094ad737e42debdba.table.json","ncols":3,"nrows":4,"_type":"table-file","sha256":"dfd094ad737e42debdba6cfe8957ce86c8bdf647ac9a6a8e41861a8345379562","size":190},"train_loss":0.6729349936451763,"val_f1":0.588957055214724,"val_auc":0.7382182720132286,"train_accuracy":0.5925,"test_accuracy":0.6933333333333334,"test_auc":0.7573005698005697,"_wandb":{"runtime":23},"val_precision":0.5925925925925926,"_timestamp":1.741085165104234e+09,"_step":1}