{"_wandb":{"runtime":321},"train_accuracy":0.82625,"_timestamp":1.745257374423593e+09,"test_accuracy":0.8466666666666667,"val_confusion_matrix_table":{"nrows":4,"_type":"table-file","sha256":"5a5568f4629f5d5d8ea386bdde64fe93d9c8f5f1de5274f7b438522a6452ff91","size":191,"artifact_path":"wandb-client-artifact://1zpsuaan9z5kuz45ug09xth0md1vsenqttzwc8a40m35ns3j5h8m7se08qr803f6y3aac7evu1hpkb4yzobhk3mcx6d1bcsgvca66vmlxz0pzhjjraamqhyin6u62swc/val_confusion_matrix_table.table.json","_latest_artifact_path":"wandb-client-artifact://1fytcklgseuo6lr2pg7xbevn8ypzeml3q1j9kix5qpwmt1ilkz886eae6gbo5pzmprf0qf7q8g2eoucxf6w49s0g5ci5ve9tsxiqrukv2os7vsodps49jli3lfl1h04s:latest/val_confusion_matrix_table.table.json","path":"media/table/val_confusion_matrix_table_43_5a5568f4629f5d5d8ea3.table.json","ncols":3},"_runtime":321.153382435,"test_recall":0.8611111111111112,"test_precision":0.8266666666666667,"test_f1":0.8435374149659864,"_step":44,"pooling_type":"mean","confusion_matrix_table":{"_type":"table-file","sha256":"90b9f618233b294a6156bc6b9b09f372a292cd7cdf7c62cb8aa3ae668d29acf3","size":190,"artifact_path":"wandb-client-artifact://9nc0pkw0tgf0x3w51nl3ixcw4hfbrqplh0kywal1b7oayt40u1jizy8y2nr12msjr15t1oyffl6r7owbyuz0lqh3zz8fps07beqayqo93svehtm8ji0mz023mjuqdsyo/confusion_matrix_table.table.json","_latest_artifact_path":"wandb-client-artifact://zxoqc0vatrtgdl5kh2trzd8m7l0p530vt1k7beveusihno7z8b0d85hv12nckj1bai9q0p8ox4yogpmru9tam8gug6f737biv1hwp08dpxxh74bo9zvb9m6cgbdglitp:latest/confusion_matrix_table.table.json","path":"media/table/confusion_matrix_table_44_90b9f618233b294a6156.table.json","ncols":3,"nrows":4},"train_auc":0.9014190850483031,"val_f1":0.76,"train_f1":0.7817896389324961,"train_loss":0.39145728971780047,"epoch":44,"val_accuracy":0.82,"val_loss":0.4325705024553463,"val_auc":0.8853865233567589,"test_auc":0.9150641025641025}