{"test_auc":0.8529202279202279,"confusion_matrix_table":{"nrows":4,"_type":"table-file","sha256":"368f0d85fffe9fba157d65a5c02b56f75a4b04b088deeb2750b638f13639148a","size":190,"artifact_path":"wandb-client-artifact://ze45nca22a8nd8nogaclt4wbw3e5fhzq7mgxf55vbdnxw79bfmbbhwu0dthgzyu1l3q2qoaa9zgwlx2bj448ze5dlx0wshfd1k3egu2ii1ihj6n02vu846l942cn422o/confusion_matrix_table.table.json","_latest_artifact_path":"wandb-client-artifact://5dfqhn8wqsyoj40vfl5q5h2c1znd556ry59qlp54de4qtr9yj1ab6m1o258da1ypacj3w1ubli0ffr79wr7uytalh1lzphzvnvh6byub3tzevficfgfnqzu91idxxf3q:latest/confusion_matrix_table.table.json","path":"media/table/confusion_matrix_table_5_368f0d85fffe9fba157d.table.json","ncols":3},"train_f1":0.6687211093990755,"test_accuracy":0.8,"val_confusion_matrix_table":{"_latest_artifact_path":"wandb-client-artifact://gd5llkjeoh9a56wuf3tthz1uofcqlqwt12l7oz63dcgp60bbmlv02ptk1slhqhqm91evpokksw2fps9ll72fuk5nfj0mhkv8vqs9bao5e6lf63ulbpjaz49vgscthmkj:latest/val_confusion_matrix_table.table.json","path":"media/table/val_confusion_matrix_table_4_aa87eb2c98813c219eaa.table.json","ncols":3,"nrows":4,"_type":"table-file","sha256":"aa87eb2c98813c219eaa34db5f255d371e5e5fa9894ec09132a1af8d878c6b37","size":189,"artifact_path":"wandb-client-artifact://337wiyoqbtgkplau66kh5pts135cy238lm8i2x7pbdx7v63gfvsh23vkqdj4p9pd06lbl3248hgjtqoucm0hg4v6h7095sd4i25z08y5qvgffquocl90kzb3in8ibrlj/val_confusion_matrix_table.table.json"},"val_auc":0.8366935483870968,"val_f1":0.717948717948718,"train_auc":0.8164158788440311,"_wandb":{"runtime":57},"test_f1":0.8026315789473685,"test_precision":0.7625,"_runtime":47.761817568,"pooling_type":"attention","val_accuracy":0.7066666666666667,"val_loss":0.5790796594880522,"_timestamp":1.7418685925804386e+09,"train_accuracy":0.7470588235294118,"test_recall":0.8472222222222222,"epoch":5,"train_loss":0.5085702385074076,"_step":5}